1|base|0,1,2|P0088-P0095|认识主体、客体与辩证法；闭书解释二者|F01
2|base|3,4,5,6|P0008-P0015|从商品到价值形式与商品拜物教|F02
3|base|7,8|P0021-P0028|区分对象化、异化、物化|F03
4|base|9,11,12|P0071-P0096|总体性与黑格尔、马克思背景|F04
5|base|10,15,16|P0682-P0690;P1131-P1140|意识形态、社会性格与结构|F05
6|base|13,14,17|P0508-P0518;P0899-P0905|弗洛伊德、工具理性与符号|F06
7|review|0|P0008-P0015|第 1 周检查：基础概念混合辨析|C01
8|luk|0,1|P0001-P0030|商品形式怎样通向物化的客观结构|S01
9|luk|2,3|P0031-P0069|物化意识与总体性|C01
10|luk|4,5|P0070-P0110|阶级意识与实践条件|S01
11|luk|6,7|P0111-P0155|复盘卢卡奇：反例和易错句|J01
12|korsch|0,1,2,3|P0156-P0211|理论为何会失去哲学维度|S02
13|korsch|4,5,6,7,8|P0212-P0256|理论实践统一和阶段论的限度|S02
14|review|0|P0001-P0028;P0158-P0170|第 2 周检查：卢卡奇与科尔施|J02
15|hork|0,1|P0257-P0280|传统理论与批判理论|C04
16|hork|2,3|P0281-P0338|启蒙、支配与工具理性|S03
17|hork|4,5|P0339-P0379|文化工业的机制与证据|S03
18|hork|6,7,8|P0380-P0394|区分霍克海默、阿多诺和哈贝马斯|J05
19|adorno|0,1,2,3|P0395-P0458|同一性思维、非同一性与否定|C05
20|adorno|4,5,6,7,8|P0459-P0501|客体优先性、艺术与历史灾难|S04
21|review|0|P0274-P0300;P0422-P0458|第 3 周检查：法兰克福学派内部差异|J02
22|marcuse|0,1,2|P0502-P0537|基本压抑与额外压抑|C06
23|marcuse|3,4,5|P0538-P0577|需要、单向度与否定向度|S05
24|marcuse|6,7,8|P0578-P0609|技术、爱欲与解放的限度|S05
25|fromm|0,1,2|P0610-P0681|社会心理学与异化语言；查看图 G1|S06
26|fromm|3,4,5|P0682-P0718|社会性格的中介机制|S06
27|fromm|6,7,8|P0719-P0748|逃避自由与机械趋同|J03
28|review|0|P0508-P0525;P0682-P0700|第 4 周检查：马尔库塞与弗洛姆|J03
29|habermas|0,1,2|P0749-P0792|交往行动与有效性要求|C07
30|habermas|3,4|P0793-P0840|生活世界、系统与殖民化条件|S07
31|habermas|5,6,7,8|P0841-P0895|合法化危机、商议民主；查看图 G2|S07
32|baudrillard|0,1,2|P0896-P0945|使用、交换和符号价值|C08
33|baudrillard|3,4,5|P0946-P1009|仿真与“终结”命题的理论转向|S08
34|baudrillard|6,7,8|P1010-P1095|媒介、时尚与经验边界|L03
35|review|0|P0779-P0792;P0899-P0915|第 5 周检查：交往与符号消费|J05
36|althusser|0,1,2|P1096-P1150|问题框架与症候阅读|C09
37|althusser|3,4|P1151-P1184|意识形态国家机器与主体形成|S09
38|althusser|5,6,7,8|P1185-P1225|认识论断裂、结构关系；查看图 G3|S09
39|compare|0|P0008-P0028;P0793-P0810|物化与殖民化：共同问题和不同机制|J01
40|compare|1|P0508-P0525;P0682-P0700|欲望与性格：交错比较|J03
41|compare|2|P0339-P0379;P0899-P0924|文化工业与符号价值；写双理论提纲|J05
42|review|0|P1096-P1115;P0422-P0435|第 6 周检查：交错辨析与限时提纲|L04
43|final|0|P0008-P0015;P0071-P0088|按错题回到最弱单元，重答一题|L01
44|final|1|P0274-P0290;P0552-P0570|限时论述：技术、自由与证据|L02
45|final|2|P0008-P0015;P0263-P0274;P0779-P0786;P1097-P1105|最终回顾：闭书画图、口答九家、写后续计划|L04
