主体与客体|主体是正在认识或行动的一方；客体是其面对的对象。|两者是在一定关系中的位置，并非个人与物体的永久标签。|学生讨论一项校规，学生是讨论主体，校规是对象；学生也可被制度当作管理对象。|主体永远只是单独个人，客体永远只是自然物。|一群工人能否作为历史主体？说出条件。|可以作为集体行动主体，但须说明其组织、认识与实践条件。|P0088—P0104
辩证法|追问事物怎样在关系和矛盾中变化。|分析一个对象的内在张力、形成过程及其与其他关系的中介；不同思想家的辩证法并不相同。|效率指标提高协作，也可能挤压教育目的；要解释两面如何由同一制度产生。|把辩证法简化成任何事情都有好坏两面。|为什么只列优缺点还不是辩证分析？|因为还需解释矛盾如何产生、相互作用与历史变化。|P0088—P0095
实践|人实际改变世界，也在活动中改变自己。|在特定社会条件中对对象和关系进行的感性、历史性活动，理论与实践有中介关系。|工人通过协商改变评价制度，同时改变自己对规则的理解。|认为实践只等于动手劳动，理论无需参与。|读一篇批判文章算不算实践？|阅读可能参与实践，但需看它如何进入具体行动和关系，不能自动等同变革。|P0090—P0097
商品|为交换而生产的物或服务。|商品具有使用价值，并在交换关系中取得价值的社会形式；马克思分析的是特定生产关系。|一件外套能保暖，也在市场上交换。|任何有用的东西天然就是商品。|自家种来自己吃的菜必然是商品吗？|不必然；是否作为交换对象进入商品关系是关键。|P0008—P0010
使用价值与交换价值|用途与交换中的价值表现。|使用价值关乎满足需要；交换价值是价值在商品交换比例中的表现，不等于用途。|同款杯子能喝水是用途，能换多少其他商品涉及交换。|把交换价值只理解成标价。|药品价格很高，是否说明使用价值一定更高？|不能；两种分析角度不同。|P0899—P0905
价值形式|人的社会劳动联系为何表现成商品间关系。|马克思从商品的价值表现考察私人劳动如何经交换获得社会性；货币形式是进一步发展。|个人生产的东西要在交换中获得社会承认。|把价值形式当商品外观设计。|价值形式为何对物化理论重要？|它说明社会关系通过物与物的交换关系显现，为物化分析提供起点。|P0008—P0015
商品拜物教|人与人的关系看起来是物本身的关系。|商品生产中的社会劳动关系以商品的客观属性及其相互关系呈现。|工资、价格看似自发数字，背后有劳动与制度关系。|以为它就是沉迷购物。|“喜欢收藏手办”能直接证明商品拜物教吗？|不能；须分析社会关系如何以商品关系呈现。|P0008—P0015
对象化与异化|做出产品不等于被产品支配。|对象化指人的能力体现于对象；异化劳动指活动、产品等在特定关系中作为异己力量对立于劳动者。|写程序是能力对象化；若劳动者无权决定其用途，才可能讨论异化。|把全部劳动成果称为异化。|自己做桌子并使用它，一定异化吗？|不一定；需考察具体社会关系。|P0021—P0028
物化|人造的社会关系像独立的物的规律。|卢卡奇从商品形式普遍化分析社会关系、劳动能力的可计算化及其对应意识。|绩效分数被视为不能讨论的自然尺度。|只要使用数字便是物化。|什么证据能判断评分制度是否可能物化？|看规则形成、适用范围、参与和申诉、劳动者实际经验。|P0028—P0069
总体性|把局部放回其历史社会联系。|卢卡奇用总体性原则反对把事实切成彼此无关的碎片，强调关系与实践。|看迟到率还要看交通、工作安排和评价规则。|总体性就是知道全部事实或整体压倒个体。|研究一个人的压力时为何要看制度？|因为局部经验可能由更广泛的社会关系形成。|P0071—P0096
意识形态|观念和实践怎样塑造人对世界的理解。|不同思想家用法不同；阿尔都塞特别强调制度实践、想象性关系与主体召唤。|学校日常评价使人把“高效员工”视为自然身份。|把意识形态等同故意撒谎。|为什么谎言定义不足以解释学校制度？|制度通过习惯、仪式和身份认同持续发挥作用。|P1131—P1184
黑格尔背景|理解对立、否定和历史过程的起点。|黑格尔辩证法研究概念规定的张力及其发展；后来的马克思主义者各自改写，不能套固定三段式。|“自由”若只被理解为任意选择，会与制度条件发生张力。|把黑格尔辩证法当万能正反合模板。|卢卡奇和阿多诺都承继黑格尔，观点必然相同吗？|不必然；前者重总体和历史主体，后者重非同一性。|P0071—P0096；P0422—P0458
马克思的异化与商品分析|同一作者有不同问题入口。|1844 年手稿讨论异化劳动；《资本论》从商品、价值形式及资本主义生产关系展开分析；后人取用路径不同。|分析平台工作可问劳动者对工作成果的控制，也可问劳动关系如何经价格呈现。|把早期异化与《资本论》术语直接互换。|卢卡奇的物化只等于 1844 年异化吗？|不等于；还结合商品形式和理性化。|P0004；P0021—P0028
弗洛伊德背景|欲望与社会规则会发生冲突。|快乐原则和现实原则等概念被马尔库塞、弗洛姆改造，用于分析文明限制与性格形成；不是两人理论的全部。|想立即休息与工作期限相冲突。|认为所有社会问题都由本能直接决定。|马尔库塞为什么区分基本压抑和额外压抑？|为区分共同生活必要限制与特定支配要求。|P0508—P0537；P0610—P0630
工具理性|只问手段怎样最有效。|批判理论关注手段计算若成为唯一标准，目的、自由和非工具关系会被遮蔽。|只按播放量决定一门课是否保留。|以为技术效率本身就是罪过。|救护车优化路线一定是支配吗？|不一定；要考察目的、受益者与制度边界。|P0274—P0393
社会性格|社会要求怎样变成人的习惯与愿望。|弗洛姆指一定群体在共同生活条件下形成的相对稳定性格倾向，起制度与行为的中介作用。|公司竞争规则让员工把不休息当作荣耀。|认为某群体每个人都完全一样。|怎样避免把社会性格当诊断？|须看群体差异、个人经验和具体形成过程。|P0682—P0728；G1
结构与多重决定|社会效果常由多层关系生成。|阿尔都塞用结构和多重决定反对把政治、文化现象直接还原为单一经济原因。|教育机会由家庭资源、学校制度和政策共同塑造。|把结构写成神秘力量或经济机械决定一切。|某政策变化能只用价格上涨解释吗？|通常还需考察制度、政治与文化关系。|P1192—P1225；G3
符号价值与仿真|商品与媒介也组织身份意义。|鲍德里亚早期强调消费符号差异，后期仿真理论质疑真实与表征的经典关系。|联名款通过身份标签销售；仿古街先按网红图像设计。|把符号价值等同高价、仿真等同普通假货。|“工厂仍在”能否直接推翻符号价值？|不能；物质生产与符号意义可同时存在。|P0899—P1095
