基础|辩证法分析为什么不能只列“好处、坏处”？|因为还要说明矛盾的生成和关系变化|因为必须先写正反合三个固定词|因为只需表达态度|因为不能研究事实|0|对；要说明张力如何形成、怎样变化。|固定三段式会遮蔽具体论证。|态度不能代替分析。|辩证分析仍需要事实。|P0088—P0095
基础|一个人把自己做的椅子留给自己使用，这最能说明什么？|对象化必然等于异化|有对象化，但不能仅此判定异化|它一定是商品|它证明没有社会关系|1|产品出现不等于活动与人对立。|对；能力成为对象，不必然成为异己力量。|是否商品取决于是否进入交换。|个人制作仍有社会条件。|P0021—P0028
基础|“价值形式”在马克思商品分析中主要帮助追问什么？|包装外观为何好看|劳动的社会联系如何经商品交换表现|消费者是否快乐|工厂是否先进|1|包装不是价值形式的核心。|对；价值关系使私人劳动取得社会表现。|消费感受是另一个问题。|技术水平不能替代价值形式分析。|P0008—P0015
基础|下面哪句最能区分使用价值和交换价值？|有用便必然昂贵|用途和交换比例是不同分析层次|两者都只是品牌故事|交换价值只等于标价|1|用途不能直接决定价格高低。|对；两种规定可以同时存在。|品牌意义还涉及符号价值。|标价不能穷尽交换关系。|P0899—P0905
基础|把黑格尔辩证法机械写成所有问题都按“正反合”走，主要错在何处？|它过分重视历史|它把具体矛盾变成固定套式|它太注重概念|它讨论了否定|1|问题不在关注历史。|对；应分析概念规定及矛盾的具体运动。|概念分析本身不是错误。|否定是重要环节但不能机械套用。|P0071—P0096
基础|哪一种说法最接近阿尔都塞的结构分析？|经济变化立刻决定全部文化|各实践层次有相对独特机制并相互作用|结构只存在于建筑里|个体行动完全不存在|1|机械单因果忽略多层关系。|对；要分析差异化结构效果。|此处结构是社会关系概念。|结构分析不等于抹去行动。|P1192—P1225
卢卡奇|“阶级意识”与工人此刻的任意想法是什么关系？|完全相同|不能直接等同，还涉及总体性认识和实践|只与收入有关|是一个品牌符号|1|经验意见不自动构成理论意义的阶级意识。|对；需要结构位置、总体性认识和实践。|收入是条件之一但不充分。|品牌符号属于另一问题。|P0101—P0155
科尔施|科尔施批评理论实证化，最核心的理由是什么？|数据越多越差|它可能忘记理论自身的历史和实践位置|他反对所有科学|只因书写形式不好|1|数据方法本身不是问题。|对；理论与实践的分离削弱批判性。|他批评的是特定科学化理解。|问题不在文风。|P0158—P0218
科尔施|“消灭哲学”在科尔施语境中较稳妥的理解是？|禁止哲学课|使哲学问题在改变现实关系的实践中获得新的处理|取消所有概念|哲学与社会没有关系|1|字面禁止是误读。|对；须联系哲学的扬弃与现实化。|理论仍需概念。|恰恰要重建二者关系。|P0187—P0225
霍克海默|《启蒙辩证法》的作者归属是哪一项？|霍克海默与阿多诺合著|阿多诺独著|卢卡奇独著|马尔库塞独著|0|对；两人合著。|阿多诺独著的是《否定辩证法》。|卢卡奇代表作是《历史与阶级意识》。|马尔库塞写《单向度的人》等。|P0274—P0338
霍克海默|什么情况更接近文化工业批判的对象？|任何人听流行音乐|文化生产在商业机制中标准化并制造可替换差异|所有艺术都没有价值|技术复制本身|1|受众爱好不足以证明机制。|对；需分析生产、流通和接受。|该判断过于绝对。|复制技术与社会机制需要区分。|P0339—P0379
阿多诺|“非同一性”最接近哪一理解？|任何概念都没有用|对象不能被既有概念完全穷尽|每人想法必须相同|只有自然物真实|1|阿多诺仍借概念思考。|对；对象的剩余促使概念自我批评。|这反而是同一化。|社会对象同样可讨论。|P0422—P0458
阿多诺|“客体优先性”是否取消主体？|是，主体没有作用|否，它限制主体把对象完全纳入自身概念的姿态|是，只剩统计资料|与认识没有关系|1|主体仍在认识活动中。|对；强调对象对概念的抵抗。|统计不能等同客体优先性。|它正是认识论问题。|P0453—P0466
马尔库塞|额外压抑如何与基本压抑区分？|前者只是更痛苦|前者是特定支配秩序的附加限制|前者永远来自技术|两者完全相同|1|感受强弱不等于历史性质。|对；需考察制度条件。|不能单因归于技术。|区分是理论关键。|P0508—P0537
马尔库塞|马尔库塞说“单向度”时主要批评什么？|人只会一种语言|社会吸收了超出现状的否定和批判|所有人购买同一种产品|艺术必须消失|1|语言数量不是概念意思。|对；现实与可能的距离被压缩。|商品相似不足以论证。|艺术可保存否定可能。|P0552—P0609
弗洛姆|社会性格为什么不能等于“人人一样”？|因为社会性格仅指个人基因|因为它是群体倾向和中介机制，保留个体差异|因为它只指国家制度|因为它与经济无关|1|它并非遗传类型。|对；要看形成过程及差异。|制度是条件，不是定义全部。|经济生活是分析的一端。|P0682—P0728
弗洛姆|何时“机械趋同”更像逃避自由？|自觉遵守共同交通规则|因害怕孤立而放弃独立判断、盲目模仿|和朋友兴趣相近|参加集体讨论|1|合理协作不等于逃避。|对；动因和自主性是关键。|兴趣相似不必然丧失自我。|讨论可支持独立判断。|P0742—P0748
鲍德里亚|仿真与普通造假的区别，哪项更稳妥？|完全没有现实对象|它关注模型和符号怎样组织对真实的经验|只要有摄像机就是仿真|等于商品拜物教|1|仍可能有物质场景。|对；关键是表征与真实关系的变化。|技术工具本身不能决定。|两理论问题设置不同。|P1040—P1095
阿尔都塞|症候阅读应如何判断文本空白？|只凭直觉猜作者动机|列出文本实际问题与排除的问题，并给出证据|空白都说明阴谋|只逐字朗读|1|缺少文本根据。|对；需说明问题框架。|沉默不必然是故意操控。|不能识别理论框架。|P1097—P1131
基础|“主动回忆”在每日学习中是哪一种操作？|先看答案再点头|合上讲义说出概念，再核对反馈|只把重点涂色|重复播放讲课音频|1|看答案会高估熟悉感。|对；先提取再核对。|颜色只能提示，不能检验记忆。|重复听不必然发生提取。|学习方法
