P0001	卢卡奇
P0002	物化与物化意识
P0003	物化理论，在《历史与阶级意识》中提出，对发达工业社会的文化批判（成为西马主流）。对资本主义的政治经济体制进行批判，并深入文化层面，对发达工业社会条件下理性与技术对人的统治、人的物化、主体性的缺失进行剖析。
P0004	与马克思的异化理论本质上一致，都是对现代人的生存困境的文化批判。
P0005	商品拜物教与物化现象
P0006	物化的产生与加剧
P0007	资本主义商品经济所具有的拜物教本质导致了物化现象的产生，
P0008	资本主义商品经济的发展则使物化现象不断加剧。
P0009	马克思使用商品拜物教：揭示发达商品经济结构所具有的以物的关系掩盖⼈的关系的本性。在资本主义条件下，商品⽣产成为主体经济，商品结构及特性普遍渗透到⼀切领域，劳动⼒本⾝也成为特殊的商品，物的关系成为主导性的社会关系。
P0010	卢卡奇：商品拜物教现象正是现代⼈的物化现象，它使商品结构中物的关系掩盖了⼈的关系，或，它使⼈的关系变成了⼀种物的关系
P0011	虚幻的客观性，看来⼗分合理的和包罗⼀切的⾃主性，掩盖了商品的基本性质（即⼈与⼈的关系）
P0012	物化现象是在商品成为普遍现象，商品结构渗透到社会的所有⽅⾯时才出现的。
P0013	农业文明，前资本主义时代：由宗法⾎缘的⼈际关系来维系，商品经济尚不发达，商品不占支配地位，是暂时现象，作为控制⼈类社会新陈代谢的许多形式中的⼀种要素，不存在以物的关系掩盖⼈的关系的问题，不存在物化现象。
P0014	资本主义时代：商品形式占统治地位，并且渗透到⼈们⼀切⽇常⽣活⽅式，作为普遍结构原则发挥作⽤，成为社会的普遍⼒量和⽀配原则，物的关系开始掩盖和统治⼈的关系，商品拜物教和物化现象开始出现。这时才能理解它的没有歪曲的本质，影响社会客观进化和人的态度
P0015	不仅在前资本主义时代不存在物化现象，即使在资本主义商品条件下，物化现象也有⼀个⽣成的过程，它随着资本主义商品经济的发展⽽不断加剧。
P0016	当⼈的关系尚未被商品结构中物的关系所掩盖和吞没时，不会完全被物的因素所消解，物化现象对⼈的⽀配作⽤相对薄弱；⽽当商品结构越来越发达，其物的关系完全掩盖和吞没了⼈的关系时，⼈在理论上和实践上要超越物的关系的⽀配都是⼗分困难的。
P0017	物化的规定性和具体表现形式
P0018	定义：
P0019	⼈⾃⼰的活动，⾃⼰的劳动成为某种客观的、独⽴于⼈的东西，成为凭借某种与⼈相异化的⾃发活动⽽⽀配⼈的东西
P0020	在发达商品经济条件下，⼈的活动的结果或⼈的造物变成某种⾃律的并反过来统治⼈和⽀配⼈的⼒量
P0021	马克思：对象化劳动中，劳动结果表现为对⼈的本质⼒量的积极的确证；⽽在异化劳动中，劳动结果则表现为对⼈的本质⼒量的否定和消解
P0022	卢卡奇物化有
P0023	客观⽅⾯：形成了一个客观事物及关系的世界（即商品在市场运动的世界）。人逐渐认识到支配这些事物的规律，但它们仍作为有权威的看不见的力量与⼈对立。个人能利用规律知识为自己谋利，却无法通过行动改造这一过程。
P0024	主观⽅⾯：在市场经济已经相当发达的地⽅，⼀个⼈的活动变得跟他⾃⾝相疏离，变成为服从于社会的⾃然规律的⾮⼈的客观性的商品，变成为恰恰与任何消费商品⼀样的，必须按照独⽴于⼈的⾃⼰的活动⽅式进⾏活动的商品”
P0025	马克思：劳动产品的异化、劳动活动本⾝的异化、⼈的本质的异化和⼈与⼈的异化
P0026	“物的异化”：⼀个充满客体与商品的世界作为异⼰的⼒量同⼈相对⽴
P0027	⼈的“⾃我异化”：⼈的劳动活动本⾝的异化是深层次的异化，因它是⼈的类本质的异化
P0028	理性化时代物化的具体表现形式：
P0029	⼈的数字化（⼈的符号化或抽象化）
P0030	现代化：个体化与社会理性化两个进程
P0031	⼈的主体性为核⼼的⼈本精神vs可计算性和定量化为特征的技术理性和科学精神
P0032	理性化从解放力量异化为使人抽象化、丧失主体性的机制
P0033	商品经济发展，建⽴在被计算和能被计算的基础上的合理化原则
P0034	专门化、理性化的⽣产体系和社会机制取得了超⼈的⾃律性
P0035	劳动者被整合到这⼀机械体系之中，变成了抽象的数字，失去了主体性和能动性，其活动变成⼀个专门的固定的机械重复
P0036	分工，定额，合理化机械化
P0037	主体的客体化
P0038	⼈由⽣产过程和社会历史运动的⾃由⾃觉的主体沦为被动的、消极的客体或追随者
P0039	可计算性原则，理性原则的⾃律运转的机械体系，⼈只是体系中的⼀个零件和可
P0040	替换的数字化的组成部分，因此，每个⼈的个性、特性、主体创造性理所当然地要被⽣产过程的理性原则所排斥，⼈⾃然失去了主体地位，并从认识上失落了⾃觉的主体性，沦为⽣产过程的被动的客体。
P0041	⼈的原⼦化
P0042	即⼈与⼈的隔膜、疏离、冷漠，⼈与⼈之间丧失了统⼀性和有机的联系，前两点基础上，⼈与⼈之间的有机联系也被割断，⼈变成各⾃孤⽴的、被动的原⼦，按照物的关系和物的原则组织起来的，⼈的关系被物的关系所吞没和掩盖
P0043	劳动能力的对象化与人格的对立，人格只能旁观；生产过程的机械分解与个人的孤立
P0044	物化的普遍化和物化意识的生成
P0045	物化是发达⼯业社会的普遍性结构
P0046	在资本主义经济条件下，⼯⼈的命运成为整个社会的命运，或者说，全社会的⼈⾯对着同样的商品原则和物化结构。
P0047	前资本主义时期：没有“被合理地机械化”，因此这种不幸的命运只是⼯⼈本⾝的命运
P0048	资本主义时代：⽣产过程和社会运⾏被合理化和机械化，因此，⽆产阶级的命运，物化命运开始普通化，成为社会的命运
P0049	特别分析了政治领域的物化和普通官吏在官僚政治体制中的物化命运
P0050	在资本主义商品经济条件下，司法、国家、行政机构以及公司中的行政管理均实现了形式上的标准化和理性化，成为自律运转的机构。在这种“非人性的、标准化的分工”中，工作和工作人员的个人能力及其需要相脱离，成为一种无主体性的例行公事，而工作人员本身则片面化和抽象化，成为给定机构的被动的客体。
P0051	形式化的、标准化，和物的本质越来越疏远
P0052	违背⼈的本性的⽚⾯的专门化
P0053	物化普遍化的后果：物化的内化
P0054	物化不只是作为⼀种统治⼈、⽀配⼈的外在的⼒量和结构⽽存在，⽽是内化到⼈的⽣存结构和活动⽅式之中，变成⼀种物化意识
P0055	物化意识是指⼈⾃觉地或⾮批判地与外在的物化现象和物化结构认同的意识状态。
P0056	生成机制：
P0057	物化的结构逐步积淀到⼈们的思想结构之中，⼈从意识上缺乏超越这种物化结构的倾向，反⽽将这种物化结构当作外在的规律和⼈的本来命运⽽加以遵循与服从，由此，⼈丧失了批判和超越的主体性维度
P0058	随着物化的普遍化，隐蔽在直接商品背后的⼈与⼈之间的关系和⼈与真正满⾜他们的需求的物体之间存在的关系都隐退到⽆法被认出、被察觉的地步。
P0059	物性化的⼼灵把它们看作为他的社会存在的真正代表。商品的商品特征，商品的可以计算的抽象的、数量的⽅式在这⾥表现为最纯粹的形式。
P0060	并不企图超越这种形式。相反，物性化的⼼灵关⼼的是通过‘科学地深化’这些规律的作⽤⽽使其永久化。
P0061	物化意识也同样⽀配着所有⼈的精神活动和⼼理活动，主体本⾝的知识、⽓质、表达能⼒等都转变为“⾃动发挥作⽤的抽象的机器”
P0062	资本主义兴起，统⼀的经济结构，因此⽽包括整个社会的形式上统⼀的意识结构才得以形成
P0063	专门化的，对象化和物性化的能力的出售者，不仅成为社会的（被动的）观察者；⽽且还沦落为对⾃⼰的物性化和对象化的能⼒的作⽤抱默然从之态度的⼈
P0064	同其‘所有者’的⼈格相脱离，跟所掌握的题材的物质的和具体的情况相脱离
P0065	总体性原则和主客体统一的辩证法
P0066	恢复对总体性的认识，并不是要简单恢复⿊格尔的理性主义原则，⽽是要以此确⽴扬弃物化的原则，寻找超越物化结构的现实⼒量
P0067	⾼度的计算理性或⼯具理性 商品和物的结构及关系处于⽀配地位 决定着⽣产过程和社会组织的分⼯、运⾏和结构 使每⼀主体被动地、⽚⾯地固定到物的某⼀环节上
P0068	⼈与⼈之间的有机统⼀和社会进程基于⼈的实践活动和⼈的关系⽽形成的具体的总体性陷于⽡解
P0069	物化的扬弃与总体性原则的恢复
P0070	物化使⼈的存在和社会历史进程⽀离破碎。扬弃物化的⾸要任务，就是恢复对总体性的认识，恢复总体性原则的地位。
P0071	现实⽣产过程和社会进程的⽀离破碎，即总体性的丧失，进⼀步导致了⼈对总体性认识的丧失和⼈在现实活动中缺乏对总体性的渴望
P0072	1 科学具有了实证主义的本性，丧失了对世界的总体性图景的把握。（技术的专门化）
P0073	2 每个⼈在⾯对丧失总体性、⽀离破碎的世界时，缺乏批判和超越的维度，把各个孤⽴的进程和⽅⾯视作不可超越的“规律”，从⽽与物化结构认同。形式‘规律’，由于它系统性地排除和漠视了具体的人与历史内容（即“主观材料”），它注定是分裂的、空洞的、与真实生活疏离的，自我异化和自我限制
P0074	要扬弃社会现实和社会进程⽀离破碎的物化状态，就要期待社会历史进程的总体性的⽣成；⽽总体性⽣成的⾸要前提条件是要恢复哲学对总体性的认识，确⽴总体性的辩证法，即总体性的原则。
P0075	社会进程的⾼度理性化和科学的实证化也直接影响了哲学理性思维，使哲学缺少对现实的超越维度和批判维度，现代哲学也被实证主义精神所渗透。
P0076	⾸先应当从哲学恢复对总体性的认识，哲学恢复对总体性的认识，是为了确⽴总体性原则或总体性辩证法。
P0077	在马克思主义体系中，总体性原则应当⾼于经济原则，它是马克思主义的核⼼原则。总体范畴，即整体完全优于各部分，总体性范畴的⾸要性是科学⾥的⾰命原则的承担者，具体的整体性是⽀配现实的范畴
P0078	为什么总体性原则具有如此⾄上的重要性？为什么总体性原则会成为扬弃物化的⾰命性原则？
P0079	要从总体性的规定性入手，根本的要点，是总体性与⼈的主体性的本质关联
P0080	总体性与人的主体性
P0081	1 总体性的最直接的含义在于，强调总体是具体的，是社会和历史的各种要素的辩证的统⼀体，⽆论是⽣产过程，还是社会进程的各组成部分和各要素，都只有放在社会历史的总体性关联之中才有意义。（批判“孤⽴的事实”和独⽴的存在物的物化状态，反复强调这些要素和组成部分的内在的、有机的统⼀，坚持整体的具体统⼀，展⽰不同因素、不同组成部分间的“能动的辩证关系”，多样性的统⼀，回归整体与现实）并没有在不加限定的、⼀般的意义上谈论总体性所具有的多样性辩证统⼀和具体统⼀的内涵
P0082	2 真正意义上的总体性与⼈的主体性有着本质的关联，它⾸先是⼈的存在的总体性
P0083	⼈不是作为⽚⾯的、抽象的、孤⽴的、纯粹的物（客体）⽽存在，⽽是作为历史的主客体的统⼀体⽽存在，总体性⾸先是⼈作为统⼀的主体与客体⽽存在的总体状态，⽽当⼈失去了这种统⼀性，仅仅作为客体存在时，那就是丧失总体性，就是物化
P0084	强调总体性与⼈的主体性的本质关联，强调总体性所具有的主客体统⼀的本质规定性
P0085	⼈们⼀定要从⼈的观点出发来解释⼈，但是只有在⼈已经被纳⼊那个具体的整体
P0086	中，并且⾃⼰已经被真正地具体化以后，才能够解释社会。
P0087	从⼈的存在的⻆度、从主体与客体的辩证统⼀的⻆度思考问题
P0088	总体性统⼀的辩证法也就是主客体统⼀的辩证法，关于⼈的存在的辩证法
P0089	主客体统一的辩证法
P0090	强调辩证法同⼈的存在和⼈的活动的本质关联，强调⼈本⾝是历史辩证法的现实基础，⼈本⾝是历史辩证法的客观基础，是构成历史辩证法基础的主—客观的客观根据，⽽且他本⾝富有决定性地经历了辩证过程
P0091	从主体与客体相互作⽤的⻆度、从主体对客体改造的⻆度强调辩证法的⾰命和批判的本质，不在于⼈对外在的某种给定的规律的遵循，⽽在于⼈通过⾃由⾃觉的实践活动对客体和对象的改造。
P0092	变⾰现实的活动中，⼈既扬弃了客体的⾃在性和给定性，也扬弃了主体的纯粹主观性，从⽽达到主客体的统⼀
P0093	辩证法的实质是主体与客体的相互作⽤和具体的统⼀，这也就是历史进程的总体性
P0094	可能导致对⼈的主体性的夸⼤，但其实是强调⼈的劳动或⼈的实践对于⼈的世界的基础性
P0095	地位
P0096	阶级意识和意识革命
P0097	不是为了形成某种纯粹理论形态的哲学体系，⽽是旨在建构⼀种实践性的⾰命理论，
P0098	主体与客体相统⼀的辩证法本⾝就是⼀种⾰命理论和实践理论
P0099	统⼀的主体与客体”（the identical subject-object）在现代社会中有现实的承载者，即⽆产阶级
P0100	主客体统⼀的辩证法实质上是⽆产阶级作为⾃觉的、统⼀的主体与客体的现实活动的辩证法
P0101	无产阶级的阶级意识的生成
P0102	主体与客体的⾃觉统⼀，即总体性的⽣成，有赖于⼈对⾃⾝作为“统⼀的主体与客体”
P0103	的地位的理论⾃觉与实践⾏动
P0104	只有⽆产阶级有可能对⼈作为“统⼀的主体与客体”的地位形成⾃觉的认识，这就是⽆产阶级的阶级意识，这是因为，⽆产阶级本⾝就是历史进程的“统⼀的主体与客体”，它的命运与⼈类的命运是⼀致的，需要现实历史进程的推演和⼈类理性的⾃觉投⼊
P0105	第一 前资本主义时期不可能有⾃觉的阶级意识，即⼈不可能真正把握⼈在历史进程中的“统⼀的主体与客体”的地位，因为：
P0106	⼈与⼈之间的关系主要不是⾃觉的社会关系，⽽是以⾃然经济为基础的宗法⾎缘等⾃然关系，⼈还没能认识到⾃⼰是⼀种社会的存在
P0107	具体的阶级关系上看，在前资本主义社会中，经济上的阶级利益并未充分明确地表达出来，社会结构划分为等级和阶层，结果经济因素同政治因素、宗教因素等不可分割地混合在⼀起。掩盖了阶级意识。⽆主体的历史进程
P0108	第二 资产阶级是⾃觉的、真正的阶级，但它特有的地位、利益使它⽆法超越物化，⽆法形成关于社会总体性的阶级意识。
P0109	资产阶级社会实现了社会的社会化过程，阶级取代了等级，纯粹的经济关系及阶级关系摆脱了等级、宗教等因素，“对社会现实的认识”，即⾃觉的阶级意识的⽣成变得可能
P0110	但是，资产阶级的阶级利益是同它的阶级地位相对⽴的
P0111	资本主义⽣产的客观限制就成为资产阶级阶级意识的限制
P0112	1一方面资本主义是第⼀个能够对社会进⾏全⾯渗透的⽣产体系，这暗含着在理论上资产阶应能从这⼀核⼼地位出发，进⽽拥有关于整个⽣产体系的‘被赋予的’阶级意识。
P0113	2但另⼀⽅⾯，资本家阶级所占据的地位以及决定其⾏动的阶级利益，确证它甚⾄在理论上也不能控制它的⽣产体系
P0114	资产阶级赋予个⼈以前所未有的重要性，但同时这个个⼈的个性又被他所从属的经济条件所消灭，被商品⽣产造成的物化所消灭
P0115	三 只有⽆产阶级才能形成真正的总体观念，即⾃觉的阶级意识，这是由它特殊的历史地位决定的，它既是物化的彻底牺牲者，又是扬弃物化的根本⼒量。
P0116	资产阶级囿于商品拜物教与物化结构
P0117	无产阶级是这种社会化过程的关键点
P0118	a劳动成为商品的转变把⼀切‘⼈的’因素从⽆产阶级的直接存在中除掉，
P0119	b同样的发展过程逐步地把⼀切‘有机的’东西，把⼀切同⾃然的直接联系从社会形式中排除出去，以致于社会化的⼈能够把在与⼈性相疏远或甚⾄与⼈性相对⽴的客观性中表现出来
P0120	不像以往的阶级那样，使⾃⾝作为直接现实的特定社会的阶级⽽存在，⽽是要导致⽆产阶级⾃⾝的消亡，消灭⾃⼰现有的占有⽅式，从⽽消灭迄今存在的全部占有⽅式，才能获得社会⽣产⼒
P0121	Deep被物化逻辑剥夺得最彻底、最一无所有从而在客观利益上与这个体系完全对立、
P0122	要解放自己，就必须废除一切阶级，也必须废除造成阶级分化的私有制和物化关系本身
P0123	无产阶级的阶级意识的基本内涵
P0124	阶级意识的两个层面内涵：
P0125	1 任何⼀个阶级都应当有⾃⼰的阶级意识，即对于⾃⾝的社会历史地位的某种⾃觉的或不⾃觉的认识与把握，这种理解⾃觉地或⾃发地引导着这个阶级的⾏动，有局限，⽆法形成关于⼈的⼀般存在状况和社会地位的⾃觉意识，受阶级制约的⽆意识
P0126	2 从狭义上讲，卢卡奇在这⾥所强调的阶级意识特指只有⽆产阶级才能形成的⼀种⾃觉的阶级意识，⼀种关于⼈作为社会历史进程的“统⼀的主体与客体”的⾃觉意识。
P0127	⽆产阶级关于⾃⾝阶级状况和社会地位的⼀种⾃觉的阶级意识，也是超越⽆产阶级的阶级局限，关于扬弃物化结构的真正意义上的⼈的存在的意识，因为⽆产阶级的命运同⼈类⼀般命运有着本质上的⼀致性
P0128	狭义 内涵：
P0129	1 ⽆产阶级的阶级意识的实质是关于⽆产阶级作为社会历史进程的“统⼀的主体与客体”的地位的⾃觉意识，⽽这⼀意识的形成与⽆产阶级在实际上成为历史的主客体统⼀体的发展密切相关
P0130	要能够指出，历史的辩证法受到客观地推动，但不能毫⽆⽬的地发展所遵循的道路
P0131	2 ⽆产阶级的阶级意识的核⼼是总体性在实践上的⽣成和在理论上的⾃觉，即⼈应当“渴望总体性”
P0132	扬弃⾃⾝存在的分裂和社会历史进程的⽀离破碎，不再单纯作为被动的客体，⽽成为积极主动的主体，在实践中促使主体与客体辩证统⼀，促使以⼈的存在为核⼼的总体性在理论上和实践上⽣成，使社会历史进程不再作为“⽆主体的”、⾃律的“⾃然历史过程”，
P0133	⽽作为主体与客体相互作⽤和辩证统⼀的⾃觉进程
P0134	有⼀种对整体性的要求
P0135	3 作为⽆产阶级阶级意识的⾃觉表述的⽆产阶级阶级理论本质上是实践理论，
P0136	要根本扬弃⽆产阶级的物化境遇，使真正意义上的“统⼀的主体与客体”得以⽣成，使社会历史进程真正作为⼀种环绕着⼈的主体与客体的辩证运动⽽展开的总体性进程。在实践中变为真实
P0137	关于实践的理论➡实践的理论
P0138	4 作为⼀种实践理论，⽆产阶级的阶级意识的核⼼是改变现实与⾃⾝
P0139	旨在超越现存世界的物化结构和物化意识，实现主客体的总体性统⼀的实践理论不可能不以改变现实和改变⾃⾝为⼰任和宗旨。
P0140	只有⽆产阶级的实践的阶级意识 才拥有这种改造事物的能⼒
P0141	阶级意识与意识革命
P0142	⽆产阶级阶级意识的⽣成对于⽆产阶级⾰命具有⾄关重要的影响，当客观的，即经济上和政治上的⾰命条件已经具备，⽆产阶级的阶级意识的觉醒程度就成为决定⾰命成败的关键性因素
P0143	⽆产阶级⾰命是彻底扬弃物化，根本改变⼈的⽣存⽅式的总体性进程，它包括政治上的、经济上的、⽂化上的、⼼理性的多⽅⾯的转变。在这⼀总体⾰命进程中，意识⾰命处于核⼼的地位。
P0144	第⼀，⽆产阶级的阶级意识对于⽆产阶级⾰命具有⾄关重要性
P0145	⾰命的命运 （ 以及⼈类的命运 ） 将取决于⽆产阶级意识形态的成熟，即取决于⽆产阶级的阶级意识
P0146	物化的意识形态就会成为现实⾰命进程的主要障碍，这⼀障碍的消除有赖于⽆产阶级阶级意识的觉醒
P0147	⾰命组织特别是⾰命政党在⽆产阶级⾰命运动中占据⼗分重要的地位。⾰命组织应以
P0148	⾼度的阶级意识为先决条件” ，⽽“阶级意识的独⽴表现——即共产党——的内在发展是第⼀重要的因素”
P0149	第⼆，⽆产阶级阶级意识的重要性决定意识⾰命在⽆产阶级的总体性⾰命中处于核⼼地位，以⽆产阶级的内在转变、⾃我教育或阶级意识的⽣成为内涵的意识⾰命是⽆产阶级⾰命的关键环节。
P0150	⽆产阶级的⾰命理解成⼀种总体性的⾰命
P0151	不仅要改变现存的经济制度与政治体制，⽽且要从根本上扬弃物化，实现⼈的⽣存⽅式的根本改变，因此，它必然涉及⼈与社会各个层⾯的变⾰
P0152	不可能单纯通过政治经济变⾰来完成，以⽆产阶级的内在转变、⾃我教育为内涵的意识⾰命就成为总体性的⽆产阶级⾰命的核⼼问题
P0153	在以暴⼒⾰命为特征的传统⾰命观中，⽆产阶级本⾝往往被视作现成的、完成了的⾰命⼒量，因此，⾰命主要是⼀个客观⾃律的进程。
P0154	并不天然地具有⾃觉的阶级意识，深受物化结构和物化意识⽀配，需要努力，no 幻想
P0155	⽆产阶级的内在转变已成为⼀个⼗分紧迫的问题，“⾃我教育”问题
P0156	科尔施
P0157	《马克思主义和哲学》《关于“马克思主义和哲学”问题的现状：⼀个反批判》
P0158	“哲学转折”与总体性原则
P0159	马克思主义同哲学是否具有本质的联系，直接关系到马克思主义的本质特征：它是作为⼀种超越现存的总体性⾰命理论，还是作为⼀种与现存认同的实证性理论？
P0160	在本质上是⼀种以理论和实践的统⼀为特征的总体性⾰命理论，⼀种深刻的哲学⽴场
P0161	哲学性质被忽视或被否定，丧失总体性的实证性理论
P0162	要摆脱危机，就必须恢复马克思主义的哲学精神，深刻的“哲学转折”
P0163	理论的危机与哲学性的丧失
P0164	马克思主义理论危机的根源在于哲学性的丧失
P0165	资产阶级学者⼤都不重视马克思在哲学上的贡献和马克思主义在哲学史上的重要地位
P0166	⿊格尔主义的余波，只⾔⽚语，评价很低
P0167	原因：近代资产阶级哲学各⽅⾯的局限性
P0168	出于社会经济的原因，已抛弃⿊格尔哲学和辩证的⽅法。已返回到这样⼀种哲学的和写哲学史的⽅法，难以从科学社会主义中得出哲学的东西
P0169	资产阶级哲学史研究的局限性：
P0170	“纯粹哲学的”局限性，只承认独立形态的纯哲学，不懂哲学可以存活于各个具体学科之中
P0171	“地域的”局限性 德国
P0172	⽆法真正把握纯粹的、观念的哲学的发展同社会具体历史发展的本质关联
P0173	以第⼆国际理论家为代表的所谓“正统”马克思主义者把马克思主义归结为⼀种实证的社会理论，他们同样否认马克思主义同哲学之间的本质关联
P0174	现代实证主义思潮影响，马是⼀种以“经济决定论”为特征的经济学说或社会学说
P0175	不断然否定，但认为讨论这些问题对于⽆产阶级的阶级⽃争实践是“全然⽆⽤的”
P0176	抛弃所有的哲学幻想 认为马克思主义作为理论和实践在本质上是全然不可变化、并且不包含任何哲学问题上的特定⽴场的。
P0177	同资产阶级学者们⾛到⼀起
P0178	研究哲学的社会主义者
P0179	认为“马克思主义本⾝是缺乏哲学内容，马克思主义体系需要哲学，“补充”，没有理解
P0180	总之，那时的马丧失了哲学性，即内在的哲学维度
P0181	起因于对历史和逻辑的发展⾮常肤浅⽽不完整的分析
P0182	表现在对哲学本性的不正确的理解，表现在他们对⿊格尔哲学的漠视
P0183	哲学的最根本原则是理论和实践相统⼀的原则，这也即是理论和实践的总体性统⼀的原则。依据这⼀总体性原则，哲学存在于纯粹的观念体系之中，更可以存活于各种具体理论和社会实践之中，成为理论和实践的内在的本质精神。
P0184	未能看到以变⾰现存世界为宗旨的马所包含的理论与实践相统⼀的总体性原则，否定或消解了马克思主义的哲学性。
P0185	科认为丧失了哲学性的理论必然丧失其⾰命的和批判的维度，
P0186	因此，必须在马克思主义的发展中⾃觉地实现“哲学转折”，恢复马克思学说本应包含的哲学性，即理论与实践相统⼀的总体性原则。
P0187	“哲学转折”的实现是通过总体性原则的恢复或确⽴来完成的
P0188	“哲学转折”与总体性原则的恢复
P0189	从强调马克思学说同德国古典哲学，特别是⿊格尔哲学的内在联系⼊⼿
P0190	分析了马克思和恩格斯以“消灭哲学”为外在形式所实现的深刻的哲学变⾰
P0191	落脚于理论和实践相统⼀的总体性原则的恢复和确⽴
P0192	必须抛弃现代哲学史家们的常规的抽象的和观念形态的⽅法
P0193	使用在⿊格尔和马克思的意义上直接辩证的⽅法。
P0194	但不是“⿊格尔主义的马克思主义”或“⿊格尔式的马克思主义”，不是从⼀种新的哲学⽴场来改造马克思的学说
P0195	强调马克思主义哲学同⿊格尔哲学之间的内在联系，理论的历史感和现实感，哲学和现实之间的辩证关系”的原则，理论与实践相统⼀的总体性原则，从此出发，才能：
P0196	一方面，彻底超越了⼀切以独⽴观念形态存在的旧哲学，即“消灭”了哲学，
P0197	另⼀⽅⾯，使变⾰现存世界的⾰命的和批判的哲学原则或理性精神内在于具体的科学理论和现实的社会实践之中
P0198	以“消灭哲学”为表现形式的深刻的哲学⾰命
P0199	马恩：超越旧哲学的倾向，甚至拒斥⼀切哲学的⽴场
P0200	恩格斯：现代⾃然科学和历史科学的发展揭示⾃然和历史进程的内在联系和辩证特征，因⽽“关于事物的知识的总联系”的任何特殊科学都是多余的
P0201	“哲学在⿊格尔那⾥完成了”唯余形式逻辑和辩证法
P0202	马：更多地关注哲学的本质精神，关注哲学同现实的内在关联。
P0203	强调⾃我意识和⾃由理性，强调⾏动和实践。
P0204	⾃我意识的批判不应囿于⾃⾝，⽽应超出⾃⾝，进⼊世界，实现“哲学的世界化”和“世界的哲学化”。“消灭哲学”和“实现哲学”
P0205	哲学的批判不是⾃⾝的⽬的，其实质在于“哲学的否定”；⽽否定哲学和消灭哲学，其根本在于“在现实中实现哲学”。哲学实现（终结、扬弃）的实质则在于⼈的解放。
P0206	哲学不消灭⽆产阶级，就不能成为现实；⽆产阶级不把哲学变成现实，就不可能消灭⾃⾝
P0207	马恩：批判并极⼒超越作为独⽴观念形态的哲学，未根本否定哲学存在的理由，从根本上改变哲学的存在⽅式和社会历史⽅位，哲学变革。
P0208	科尔施：不应作表⾯化的理解，对纯粹哲学观点的⼀般超越，本⾝就带有哲学的特征
P0209	把哲学从⼀种外在于社会历史进程的纯粹的观念形态转变为⼀种内在于社会历史进程的批判的维度，这种以变⾰现存世界为⽬的的理论从本质上讲是⼀种⾰命的哲学。把消灭哲学作为消灭整个资产阶级社会现实的⼀个部分
P0210	历史不应只在哲学中以观念的形式展开，⽽哲学也不应保持独⽴的理论外观⽽游离于现实之上，它应成为历史的现实运动的有机组成部分。哲学不应满⾜于对世界是什么的解释与说明，⽽应当致⼒于现存世界的⾰命化和⼈的解放，也就是世界为了⼈的⽣成⽽改变
P0211	以理论和实践的辩证的和⾰命的统⼀为内涵的总体性原则
P0212	不再把哲学当作独⽴于社会历史进程的纯粹的观念形态，⽽是视作社会⾰命实践的内在组成部分。
P0213	核⼼是理论与实践的辩证和⾰命的统⼀
P0214	马克思学说的⾰命的哲学性的恢复，实质上是理论与实践相统⼀的总体性原则的确⽴。
P0215	要把社会存在和社会发展当作⼀个活的整体加以把握，尤其要把理论和实践当作⼀个统⼀的总体加以把握，由此形成⼀种辩证的总体性观念。（反片面、孤立、实证主义）
P0216	强调总体性原则所具有的强烈的批判性和⾰命性。
P0217	理论对现实的把握应当是⼀种批判的、⾰命性的解释，⼀种⽴⾜于实践改造的现实运动
P0218	马的理论认识了社会和历史的整体，⽽它的实践则颠覆了这个整体，哲学意识形态或者⼀般的意识形态，是⼀般的社会历史现实的⼀个实在的组成部分，即，⼀个必须在唯物主义理论中把握住并由唯物主义实践消灭的现实部分
P0219	马克思主义发展三阶段论
P0220	以理论和实践相统⼀的总体性原则为基本尺度，根据不同时期马克思主义同哲学之间关联的不同特点，把马克思主义划分为三个基本阶段，
P0221	第⼀阶段：总体性的理论（1843《⿊格尔法哲学批判》-《共产党宣⾔》1848）
P0222	强调马克思和恩格斯的思想同哲学的内在关联。这⾥所说的关联是内在的、本质性的联系，它为深刻的哲学思想所渗透
P0223	从本质上讲是⼀种总体性的理论。表现为⼀种活⽣⽣的总体性理论，体现在理论和实践的内在统⼀，体现在社会总体各个层⾯（包括政治层⾯、经济层⾯和⽂化层⾯）同⾰命的理论和实践的内在联系，把 社会发展 作为活的整体来理解和把握的理论。理论的哲学性和理论的总体性一致
P0224	必然表现为⼀种彻底的⾰命理论，⼀种充满批判精神的⾰命理论。
P0225	并⾮是社会各个层⾯的⾃在的统⼀，也不是理论和实践的⾮批判的统⼀
P0226	各个层⾯的总体性的理论批判和实践变⾰
P0227	它是⼀种把 社会⾰命 作为活的整体来把握和实践的理论
P0228	以历史的忠实性去分析和批判的
P0229	第⼆阶段：⾮批判的实证性理论（1848年欧洲⾰命-19世纪末）
P0230	丧失了其内在的哲学性，也即丧失了⾃⼰的总体性特征，由此成为⼀种分门别类地、静⽌地、纯客观地反映不同存在领域和存在层⾯的⾮批判的实证性理论
P0231	区分了这⼀阶段的马克思主义理论形态➡（第⼆国际理论家，马克思的总体性⾰命理论变为⾮批判的实证性理论）
P0232	和马克思恩格斯本⼈的理论➡有变化，但⼀如既往地作为总体性的⾰命理论，理论和实践不可割断的相互联系
P0233	转变的表现：
P0234	第⼆国际理论家们割断了马克思主义同哲学的本质关联，把马克思的总体性理论切割成静⽌地观察局部存在的实证性理论碎⽚。孤⽴的、⾃发的各个知识分⽀，与作为脱离⾰命实践的科学上的⽬标的纯理论考察，纯粹的科学观察，与政治的或其他阶级⽃争实践没有任何 直接的 联系。片面的“经济决定论
P0235	第⼆国际理论家把马克思主义学说从⼀种总体性的理论转变为实证性理论，变成不同的社会理论分⽀，其结果必然使马克思主义理论丧失批判性和⾰命性。
P0236	⾮辩证，专门化的理论考察的启发式原则，理论公式
P0237	这样⾮辩证的实证性理论不再具有批判性和⾰命性，反而用于改良，失去对整体性、根本性变革的追求
P0238	第三阶段：总体性理论的重建（从20世纪初开始，⾄今依旧未完成）
P0239	第⼆国际理论家的所谓“正统的马克思主义”的分化⽡解⽽开始的， 超越第⼆国际理论家的实证性理论，重新考察马克思主义和哲学的关系，重建理论和实践的内在统⼀，恢复马克思主义的总体性和⾰命性
P0240	有两种哲学理论研究⼒量重新思考马克思主义同哲学的本质关联
P0241	以列宁为代表的共产国际的马克思主义，
P0242	批判第⼆国际理论家的经济决定论⽴场，重申关于⽆产阶级专政问题时，揭⽰了马克思主义同哲学的本质关联，理论和实践的内在联系已经被有意识地重建
P0243	但是，并没正确地把握马克思主义重建的⽅向，列宁并没有能够恢复马克思主义学说的总体性原则，⽽退回到已被马克思和恩格斯超越的旧唯物主义⽴场上
P0244	批判：
P0245	列宁主要是从⾰命的需要来取舍哲学，他不关⼼这⼀哲学⽴场在理论上正确与否，依靠⾮哲学的考虑和结果来决定哲学问题，换⾔之，列宁本⼈并“没有把这种哲学建⽴在基本的理论公式基础上” ，他所关⼼的是从实践的和政治的⻆度看这种哲学是否“有利于”⾰命的⽆产阶级
P0246	列宁的唯物主义哲学具有内在的不⼀致性和⽭盾，其辩证法和反映论具有⾮辩证性和机械性，因此，⽆法成为适应今天需要的⾰命的⽆产阶级哲学
P0247	物质和精神、存在和思维的绝对对⽴，德国古典哲学以其辩证的理性观念扬弃了这种“绝对”对⽴，使之变成了“观念”的辩证运动。列宁的唯物主义重新回到了思维和存在、精神和物质的这种绝对对⽴
P0248	从哲学的功能的视⻆对列宁哲学进⾏批判。他指出，列宁把哲学争论变成政治统治
P0249	的⼯具，⽤⾃⼰的哲学作为评判⼀切理论问题和科学问题的最⾼标准，结果破坏了哲学和科学健康发展的基础和条件。发展了具有政治功能的哲学，恩格斯反对凌驾于其他科学之上的独断的哲学
P0250	他的‘唯物主义哲学’成了过去、现在或将来评价个别科学发现的⾄⾼⽆上的评判权威
P0251	卢卡奇、科尔施等⼈为代表的西⽅的、⾮正统的马克思主义
P0252	1923年卢卡奇的《历史和阶级意识》和他本⼈的《马克思主义和哲学》的问世，标志着⼀个富有创造性的哲学派别从马克思主义内部⽣成，并开始把马克思主义重建为理论和实践的总体性统⼀的⾰命哲学。
P0253	这之后，分为两派：
P0254	⼀是以考茨基为代表的旧马克思主义正统派和俄国列宁主义新正统派的联盟，尽管⼆者之间存在着理论冲突和论战，但他们的基本理论⽴场是⼀致的；
P0255	⼆是以卢卡奇和他本⼈为代表的“当代⽆产阶级运动中所有批判的进步的理论趋向”，这其中实际上演变出后来的西⽅马克思主义
P0256	主要⽬的是恢复马克思主义在其发展的第⼀阶段所具有的总体性和⾰命性特征，使之重新成为以理论与实践的内在统⼀为核⼼的总体性⾰命理论。
P0257	法兰克福学派与霍克海默
P0258	主要理论特点：
P0259	从社会历史的不同侧面批判资本主义。这是他们的理论宗旨。目标就是要实现人类自由。
P0260	理论上的综合性。
P0261	反实证主义（卢卡奇的物化批判，反对物化）
P0262	强调否定辩证法，和个性自由
P0263	霍克海默：
P0264	传统理论和批判理论
P0265	为什么他把自己的理论称为批判理论
P0266	（吸收了康德哲学传统）
P0267	作为批判理论，他的理论和批判理论的关系。
P0268	什么是批判理论，什么是传统理论，
P0269	第一，传统理论是以实证科学为范本的理论，从既定的前提出发，按照逻辑推理得出最终的结论。（以物化思维为基础，是一种自恋的思维循环，前提是商品的普遍化、合理化、可计算、量化，失去质的差别）批判理论与这种实证主义的方法相反，采用辩证法。辩证法与实证主义的对立。
P0270	第二，传统理论坚持启蒙传统，工具理性的原则被置于首要地位（只注重有效性，不注重意义和目的本身，算计）。而批判理论对于启蒙和工具理性进行了批判。
P0271	第三、传统理论和批判理论在理论和现实关系的理解上的对立。
P0272	传统理论是资本主义社会体系的延伸。
P0273	批判理论不是资产阶级机器上的齿轮。批判理论强调理论上的反思和批判。理论和实践区分开来的基础是什么，精神和肉体的关系的理解。实际上并不能将这些对立起来。
P0274	（康德，划分内在领域，人从中得到知识，比如在资本主义体系当中，这是工具理性，人的理性喜欢追根究底，不满足于知识，超出于知识，追求真理，想追到最后的原因、所有的原因，走向二律背反，矛盾与错误，这是实践理性）
P0275	启蒙辩证法
P0276	《启蒙的概念》所表达的历史观（主体的史前史）：
P0277	启蒙历史观批判：
P0278	启蒙和神话一样是一种历史观。
P0279	（对“他者”的恐惧和征服，对“同一性”的强制追求，以及随之而来的统治）
P0280	1、二元论和等级制度
P0281	2、对于世界同一性的理解。替代和齐一性的观点。（量化，消灭了真正的差异、他者和新事物出现的可能）
P0282	3、命定论和必然性原则。（被社会建构、并被意识形态神圣化了的历史产物）
P0283	霍克海默认为，这都是欺骗（隐蔽的统治叙事）
P0284	（wxs：生产力发展，本应让人类幸福，反而残害人类，给人类带来了问题：生产实际上过剩了，内卷，工具理性不断提升）
P0285	问题：自我持存和工具理性
P0286	自我持存，生存斗争的原则是西方文明的基础。（也是人类的基础）
P0287	要生存斗争就要发展工具理性。生产力的发展最根本还是精神能力、理性能力的提高（需要工具理性发展）
P0288	曼纳：摆脱恐惧。
P0289	科学的认识方法变成世界观
P0290	理性演化为工具理性（理性是生存斗争的工具，与动物相比。）
P0291	理性化、合理化的工具理性占主导地位
P0292	人要征服外在自然也要征服内在自然，要克制自己，压抑本能，人类又要养好身体但又要压抑自己的本能，
P0293	但工具理性只讲算计，不注重质的问题。精神和肉体、理性和非理性对立起来，产生物化的心灵，麻木不仁
P0294	心灵的控制和个性的扭曲
P0295	奥德修斯的故事
P0296	工具理性：手段-目的
P0297	物化了人的心灵，麻木不仁。
P0298	工具理性原则的天然合理化（将社会行动和组织建立在可计算、高效率、可预测的基础上。用非个人的规则、程序和技术替代传统、情感和价值判断。其核心是“手段-目的”的精确计算，而“目的”本身（如幸福、美好生活、正义）则被悬置，不予公开讨论。）
P0299	人顺从于生存斗争的模式，活下去
P0300	法西斯主义的出现。（大众心灵的普遍印象，一种极端的狂热与暴力）
P0301	自我持存走向自我毁灭
P0302	《附录2：朱莉爱特或启蒙与道德》
P0303	从尼采的角度来重新评价康德思想
P0304	论述康德的理性概念，康德的理性概念在哲学中的体现。
P0305	康德或许就是萨德。康德的理性变成了工具理性，实践理性不能以任何感性的内容为目的。纯粹的理性，
P0306	但道德不能是纯粹的理性，需要冲动，才能从理性走向现实
P0307	独立于情感的理性
P0308	我们把康德和萨德的论述对比
P0309	按照康德的看法，道德上的实践应该独立于个人感性的冲动。康德说：“根据这项原则去行动的实践必然性，也即义务，完全不依情感、冲动和爱好为基础，而仅仅基于理性存在者彼此之间的关系”（康德<道德形而上学奠基>
P0310	请提前几天拿出您的计划，考虑 产生的一切后果，注意一下它究竟会给您多大的帮助……会给您多大的损害，如果您能确保了解到这些，您就要尽可能平稳镇静地估计到所有情况。”杀人犯必须镇静自若，“您要显得平心静气，泰然自若，而且要尽力拿出一副极其麻木不仁的样子。”
P0311	否定上帝
P0312	萨德与康德一样，尽管康德在《实践理性批判》中承认上帝的实在性，但是他认为，这不过是一种理论上的悬设，是无法得到理论上证明的。尽管康德在宗教问题上不够彻底，表现了一种矛盾的态度，
P0313	尼采：基督教道德强调良心谴责，而尼采则认为，“良心谴责是一种病”
P0314	一切宗教都把其虚伪的原则作为出发点。”基督教的道德是一种“野蛮法则”
P0315	理性理解为一种自我持存的理性，那么这种理性就可以被理解为适者生存的竞争原则
P0316	把康德的理性理解为中立的理性
P0317	萨德借洛丹之口说出来他对美德的看法。在他看来道德应该被当作一种策略来使用，不过是一种权宜之计
P0318	阿多诺说，“一旦知性作为自我持存的重要尺度认识到生存的法则，那么这一知性就是强者的知性。”（阿多诺和霍克海默：《启蒙辩证法》，108页。）强力、专横、掠夺弱者本来就是资产阶级的基本的道德原则。希特勒法西斯主义把这种资产阶级的道德原则极端地彰显出来。
P0319	反对任何一种同情心
P0320	康德在关于道德情感的论述中强调，人有一种道德情感，这种道德情感就是对法则的敬重。
P0321	但是，康德所说的情感却不是人们通常所理解的情感。他说：“一切情感都是感性的；但道德意向的动机却必须是摆脱一切感性条件的。”
P0322	善良的同情同时却是软弱的，而且总是盲目的。
P0323	按照萨德的说法，怜悯是违反自然法则的。他说，谁要是被怜悯所俘获，“谁就会歪曲自然法则：结果便是，一旦陷入怜悯，就会远离美德；一旦它引导我们纠缠进了自然法则所规定的不平等状态之中，就会成为真正的罪恶。”
P0324	享乐也必须符合理性原则
P0325	康德的道德原则否定了把感性的享受作为道德的动机。而启蒙的原则从一开始就对享乐保持一种矛盾的态度
P0326	肉体和精神二元论的后果
P0327	萨德所描述的朱莉埃特就是这样一种把精神和肉体分离开来的人。她“试图通过拒绝充满忠诚的资产阶级爱情，来赢得自己的享乐。”
P0328	《朱莉埃特》一书中诺依塞尔（Noirceuil）的话来表达这种理性主义的爱情观。按照诺依塞尔的看法，爱情与快乐是完全不同的事情。
P0329	阿多诺说：“这种分裂使快乐变得机械，把渴求歪曲成为欺骗，从而威胁到了爱情的核心。”按照这样的爱情观，世俗的社会就不会有爱情。
P0330	对女性的迫害
P0331	建立在理性主义基础上的人道主义恰恰否定了人和人之间的相互友爱，特别是性爱。不仅如此，这种人道主义还导致了对女性的迫害。这是因为，建立在理性主义基础上的人道主义，所遵循的是同一性逻辑。
P0332	人是在征服自然中获得满足的，男人也是在征服女人中获得快感的。阿多诺批判这种现象时指出，“在男人的逻辑里，她（女人）总是被看作是自然的象征，总是在观念上被永无休止地归结为社会最底层，总是在现实中永无休止地陷入奴役状态在《朱莉埃特》中，那个皇家大臣在把女孩虐待得痛哭流涕时大声喊到“我就是这么喜欢女人”
P0333	理性的原则把人结合起来
P0334	阿多诺认为，康德的意志准则也是超人的秘密。这是因为，“他的意志就像绝对命令一样，同样是专横霸道的。”
P0335	为什么道德的东西变成不道德呢？
P0336	工具理性，价值中立，那么它可以为任何一种价值服务。
P0337	任何一种价值观，随着时代的发展，进步的变成落后的。自由、民主、人权，会变成一种压迫的手段。进步东西会落后。
P0338	社会自身的矛盾。对于一些是道德的，对于另一些人是不道德。
P0339	文化工业的批判
P0340	大规模、批量生产，机械复制时代的艺术作品（艺术作品本应满足人类的精神文化需要，却变成意识形态统治的工具，麻木人的精神）
P0341	市场化生产
P0342	康德，艺术鉴赏是无目的和目的性（无概念的普遍的让人喜欢），但是现在金钱成为艺术的目的。
P0343	文化工业与大众文化
P0344	文化工业与市场化
P0345	艺术与被压制自然的控诉，革命的力量
P0346	塞壬的歌声变成了音乐厅里的艺术。奥德修斯
P0347	在市场经济中，艺术商业化了。“艺术”成为社会经济体系的一部分。
P0348	本应是上层建筑，却变成了经济基础
P0349	文化工业与马克思主义经济基础和上层建筑的区分的冲击。（卢卡奇）
P0350	文化工业产品的生产方式
P0351	文化工业通过需求的控制来获得经济的利益。它就是要用自己产品来控制人的需要，计算人的需要。票房。人对于它们来说，不过是可以计算，可以榨取剩余价值的对象。
P0352	文化工业把人的需求分类、计算。收视率
P0353	文化工业给人提供娱乐，这是虚假的。这不过是把人的被压抑的性本能调动起来，而又不能得到满足。看菜谱得到的满足（剪胸）。
P0354	市场体系的再生产
P0355	流行色的代言人就成为平庸之辈的理想类型。青春偶像。没有自我的人。文化工业把那些偶像树立起来，一夜之间成为走红的明星。体育明星。原来是个打字员。银幕上的不过是幸运儿。可是一旦成为明星就有了天壤之别。成为不可替代的样本。出现了难以忍受的差别。
P0356	海选，不过是通过市场机器设计制造出来的。既是机遇，又是认为的设计。人在这里，不过是市场机制控制的对象。我可以使你成为明星，也可以使你失去一切。幸运和不幸都是由市场操纵的。
P0357	人为造神，维持运转，制造需求，满足幻想
P0358	主体成为“项目”与“商品”
P0359	文化工业与人的精神
P0360	满足人的一种“精神”需要
P0361	人的精神和肉体对立起来基础上的文化工业
P0362	人的自然会得到承认，阉割、驯服，呕吐出来的“自然” ，满足一种低级审美趣味；
P0363	或者极端纯化的精神（高大上）。有口无心的“爱”（法西斯分子听着贝多芬把犹太人送入焚尸炉）（人文教育常常缺乏人文的精神）伪崇高
P0364	文化工业中的个性与风格
P0365	文化工业的艺术风格就是没有风格。是按照市场机制的需要制造出来的。如果说有风格，那么这种风格不过是按照市场需要制造出来的。
P0366	模仿的绝对化。一种音乐要能够流行，其基本特点就是容易模仿。不能模仿就不能流行。人失去了创造性。自主性。
P0367	自主性与模仿一体化（时尚）（粉丝）
P0368	个性不过是实现交换价值的手段，个性是为市场目的服务的。
P0369	个性原则从一开始就充满矛盾
P0370	个性的张扬必须符合生存竞争的需要。
P0371	文化工业的意识形态功能
P0372	文化工业使艺术像个善于调情的妓女。它不断地煽情，调动人的性欲。艺术就是用来调情的工具。
P0373	茶花女中的舒缓的曲调，变成了强化泻药科学功能的东西。
P0374	文化工业使人失去了批评精神。（不差钱）
P0375	文化工业是一种肯定的意识形态，给人当下的快感，不要理想，不要信念。如果说资产阶级曾经用自由、平等的理想来吸引人们，而文化工业否定这些东西。直接的经验体验，快感，
P0376	娱乐至死。为维持资本主义社会体系服务的。
P0377	评论：
P0378	精英主义色彩
P0379	文化批判的精神
P0380	建立精神和肉体对立基础上的文化
P0381	包含了对于这个人类文明基础的反思
P0382	工具理性批判
P0383	客观理性和主观理性（价值理性和工具理性、目的理性）
P0384	对于欧洲哲学史的回忆
P0385	对于生活中和哲学中的工具理性的批判
P0386	霍克海默的批判理论的在思考。
P0387	自然的控制和自然的反叛
P0388	生存竞争和对于自然的控制，用理性的行动来代替自然的选择。这个理性就是工具理性。
P0389	自然的控制就是导致自然的反叛，人自身自然也会反叛。比如社会暴动，个人犯罪和心理疾病等。
P0390	倡导理性和自然的和解，哲学是自然的代言人。
P0391	个性自由的呼唤
P0392	启蒙要解放人的思想，但是却用工具理性来进一步控制人的思想。
P0393	马克思的思想，
P0394	市场经济与个性自由，虚假个性
P0395	阿多诺
P0396	《否定的辩证法》及其哲学观
P0397	对哲学的理解
P0398	说不能说的东西（哲学是无条件的科学，要探究超出知识范围的东西，比如传统领域的上帝）
P0399	能指（名词）
P0400	所指（概念，即概括起来的观念）概括是最初的抽象与分离，获得了确定性，从而对事物其进行科学、实证的把握，得到规律
P0401	所指的对象
P0402	概念的经验内容，即存在者状态，既承认概念的重要性，又否定概念
P0403	让概念超出概念，让概念指称非概念东西
P0404	（唯名论（共相不存在）和实在论（共相存在）的批判）
P0405	不能让概念只局限于概念，不能忘掉概念的起源，作为抽象出来的概念不能离开最开始被抽象的具体的事物，要指称非概念的东西，即存在者状态，是不能说的内容。否则概念就只是空洞的一般。我们通过存在者状态，来从概念实际到具体的人。这就让概念超出概念。
P0406	这就是概念的觉醒，传统错在只有概念，束缚在概念中
P0407	从无限的东西到“无限性”
P0408	要了解无限性，一定要有概念的概括，即想象，但也要经验，这是经验与想象的概括体，没有经验的要素，这样的无限性就空掉了。
P0409	我们经验有限的东西来想象无限的东西
P0410	狂怒观念论
P0411	令人眩晕，说不能说的东西
P0412	辩证法与稳固性
P0413	辩证法就是追问最确定的最根本的原因，所以才产生
P0414	辩证法没有稳固性，但追求的真理是稳固的、存在的，真理必须存在！
P0415	有概念，才有确定性，而概念是运动的，因为概念是难以把握事物本质的，在某种条件下是这样，超出条件，又不一样了，更何况事物本身也是运动的，要强调概念的否定、运动、非统一。在实证科学中需要统一的概念，但这是有局限的，在某条件下的
P0416	相对主义vs真理或相对真理
P0417	想要说不能说的东西，对绝对的原因的思考，但说出来就是错的，但我们要认真对待这些错误，最终引向正确
P0418	经验的特权（两种经验的区分）
P0419	可以传达给别人的经验（可以传达给别人）vs无法传达给别人的经验（肌肉记忆）
P0420	都具有一定的客观性
P0421	质与个别
P0422	事物中有一种特别的质，个别中有特殊的质，质不等于个别，如果把质等于个别，就把质概念化了，质中包含了客观的东西，是不能告诉的东西，个别当中有超过特殊质的东西
P0423	否定辩证法的概念与范畴
P0424	某物的不可消解性
P0425	思想是对某个不同于思想的东西（客观的东西）进行的
P0426	概念、思想中一定有某物，是思想中的非思想
P0427	某物是不能说的经验，不能告诉的东西，不能概念化，是一种特殊的质，是感性中必然有的东西
P0428	理论与实践（与黑格尔左派的关系）
P0429	理论中有不是思想的东西，反而与实践相关
P0430	星丛与科学的星丛
P0431	星丛是用一串相关联的概念来解释事物，而不是用种属关系的逻辑来定义（不准确不全面）
P0432	客体的优先性，客体不是被规定的
P0433	强调物质的第一性，思维中有一个永不消解的某物，总与思维结合在一起，这就是客体
P0434	主体不是被给定的。
P0435	批评康德的先验主体
P0436	主客体关系再思考
P0437	同一性思维的特点
P0438	把思想中不是思想的东西纳入到思想中，把思想和被思想的东西同一起来 identity
P0439	矛盾概念，不过是概念内部的矛盾，事物内部的矛盾，而不是概念与事物的矛盾。
P0440	概念内部的矛盾：因为概念中有不是概念的东西
P0441	A和B 概念和事物之间的矛盾
P0442	用概念去把握事物的时候，总是没办法完全把握，总有偏差
P0443	承认同一性的合理性。彻底否定同一性导致原始的不公正。
P0444	如果没有同一性，人类理智无法展开，什么都不能说，必须要有同一性才能对事物进行把握，
P0445	抽象同一性和理性同一性。抽象同一性把同一性作为目的，而理性同一性则把非同一性作为目的。
P0446	抽象同一性：否定了差别的同一，只看到同一
P0447	理性同一性：借助同一性看到非同一，要把握理性同一性
P0448	概念“渴望与事物同一”，（渴望完全把握事物），事物也渴望与概念同一（事物想要与自己的本质、形式相合，实现自己的本质）。
P0449	同一性成为否定性的符号。它表明现实没有达到理想状态。
P0450	这种否定性的含义根源于非同一性。
P0451	工具理性和同一性的问题都在于控制自然、控制社会
P0452	控制社会的技术 等级监视
P0453	强调同一性中的非同一性，我们的概念和事物不同一，我们把握事物的观念都是一定的历史条件的产物。用概念把握事物，并不就是真理，而是意识形态。我们要超越这种意识形态。
P0454	主体的优先性与客体的优先性
P0455	主体优先性：观念论
P0456	主体和客体之间存在着一种开放的相互关系
P0457	直接性与中介性（主客体之间的相互中介）差别
P0458	客体的优先性与感性直接性
P0459	感觉中的否定性要素
P0460	当强大的概念体系（如意识形态、社会规范、工具理性）试图将一切经验秩序化时，感觉的“不合时宜” 构成了一个沉默的抗议
P0461	概念和感觉，客体优先不等于感觉优先。感觉否定了概念，概念反思了感觉。
P0462	客体优先性是在主客体关系中的优先性。不能和天真的实在论等同起来。主体仍然保留了改造客体的资格和权力。
P0463	经验中包含了非同一性。人用经验来感知世界的时候，包含了批评的意识。
P0464	逻辑经验主义，经验就是简单地接受。
P0465	人的经验是不断流动的，是不断变化的，开放的。而不能像康德所说的那样，被束缚在概念的框架中。
P0466	在今天的社会中，人的感觉被扭曲了，被概念的框架束缚了。“机器喂养人的时候，也把人性扭曲了”
P0467	奥斯维辛之后的形而上学
P0468	文化是用狗屎堆建立起来
P0469	要时刻警醒自己，提高自己的思想，提高每一个人的思想
P0470	人类的生存要征服自然、社会，产生工具理性的方法，却把人变成了工具
P0471	文化是垃圾堆上的遮羞布
P0472	今天的死亡
P0473	变得抽象了，人对此没有了切身感受，没有了同情心，人生都没有了意义，死亡也都没什么不同
P0474	虚无主义：人生的意义何在？
P0475	但死亡不一样，人生有意义，虽然我们说不出这个意义到底是什么，人生都是不同的，是具体的，没有那同一性上的意义，是非同一的
P0476	彻底的虚无是不可能的，是空的，是无法思考的，虚无主义也是期待什么，想要寻求什么，只不过寻求不到实现不到而已
P0477	幸福与徒劳的期待
P0478	幸福也是具体的
P0479	生存斗争与自我持存
P0480	当代人类文明的反思，主体性及其缺陷
P0481	美、技术与巫术
P0482	美是在对丑的东西的整合过程中存在的。（美与合目的性）
P0483	将其规训、征服、形式地整合
P0484	丑是艺术中的一个必然要素，但是艺术要控制这个丑的要素。
P0485	艺术的美不依附于作为结果的和谐，而依附于指向结果的紧张状态。
P0486	（是一个动态的过程）
P0487	反过来，和谐虽然是美的，但带有暴力的和谐又是丑的
P0488	如果一定说美和丑的关系，一定要判断一个起源于另外一个，那么美起源于丑
P0489	不存在现成的美，但是我们不能没有美的概念
P0490	说不出来美，但其存在于形式之中
P0491	美是形式上的存在。
P0492	单一的和完整的美所具有的形象诞生于人们摆脱了对于那个巨大的，没有分化的自然的害怕。
P0493	艺术作品中的真理内容
P0494	阿多诺说：在真理性内容的想法上，哲学和艺术是重叠的，艺术品里逐渐展开的真理性，恰恰就是哲学概念的真理性。
P0495	真理vs知识
P0496	真理是超越知识的，是无条件的，是一个体系（黑），（康德）或是对物自体的追问，用概念、经验难以达到
P0497	知识是有条件的，是有限的
P0498	艺术作品与精神化，艺术作品都是借助于某种客观东西出现的，但是艺术作品是一种精神性的。这种精神性的东西犹如艺术作品中的以太。这种精神的以太不能用固化的东西表达出来。但是艺作品恰恰就是用固化的东西把精神表达出来。
P0499	艺术是人们达到真理的方式之一，表达一种对真理的渴望
P0500	通过绝技、技巧、艺术的方式来呈现
P0501	艺术与哲学一样都起源于震惊。
P0502	马尔库塞
P0503	人类自我压抑的根源和摆脱压抑的途径
P0504	文明的辩证法”——《启蒙辩证法》的另一个版本
P0505	《启蒙辩证法》：启蒙和神话确信，人通过对于外部自然的控制，就可以逃避自然强制的厄运，就可以获得自由。其实反而失去自由
P0506	马尔库塞：用非压抑的升华——爱欲来修正其悲观主义思想，为解决启蒙问题提供了出路。
P0507	马尔库塞：文明的辩证法
P0508	弗洛伊德的理论：快乐原则vs现实原则 相互冲突
P0509	初期：快乐原则占据了主要的地位，
P0510	后来：快乐原则被现实原则所取代。
P0511	人类文明的辩证法：人类文明的进步是以对于快乐的限制为代价的
P0512	现实原则背后：缺乏。➡抑制自己的本能的需求➡生存斗争，劳动➡持久工作（占去全部生存）➡快乐受阻，痛苦盛行
P0513	马尔库塞：人类所面临的压抑：基本压抑和额外压抑。基本压抑和额外压抑总是联系在一起。
P0514	基本压抑是人类为了能够自我生存，为了满足生活上的需要而产生的压抑。对于本能的压抑在某些情况下是必须，是人类生存的必要压抑。
P0515	额外压抑是为了某个特殊的社会集团的利益而产生的压抑。 （不必要的压抑）
P0516	额外压抑是为了统治利益而施加于人的，从而保证自己的权威地位。
P0517	马尔库塞和弗洛伊德：
P0518	快乐原则是非历史的，始终是对于本能的满足的追求，
P0519	现实原则是历史性的，不同历史条件下内容不同。但是总是以超我的形式出现，这个超我是控制人的本能的东西，原始的父亲➡兄弟宗族➡文明社会特有的机构化的权力制度。
P0520	弗洛伊德：文明的进步和负罪感的增强有关。
P0521	起初：俄狄浦斯情结
P0522	后来的发展中，这种负罪感日益强化，人们对于触犯社会的禁忌都会产生某种负罪感，而越来越把压抑人的制度和超我看作是合理的。任何对于冒犯超我的行动都被看作是弥天大罪。
P0523	主要从心理学的维度内来说明人的自我控制，
P0524	马尔库塞：心理学的分析扩展到社会学意义上的分析。
P0525	原来的自我控制的心理机制后来逐步转化为社会机制。
P0526	历史上，心理机制被合理化，后来社会机制也被合理化
P0527	弗洛伊德：借助于升华，人控制了自己的本能，服从于社会的需要。人的本能被改造了。性欲转变为爱欲。这样，人类就可以从自己所创造的文明中得到补偿。
P0528	马尔库塞：在劳动中，人的本能根本就不能得到升华。劳动不过是人的破坏性的本能的转移，一旦有机会就转化为对于他人的攻击。因此劳动实际上是破坏性本能的释放。
P0529	社会正是通过劳动的分工和劳动的等级制来压制人和控制人。
P0530	人类社会中控制人的本能的社会机制：原始的父亲➡文明社会中的制度➡现代社会中完全制度化和合理化的统治秩序
P0531	从个人变成集体压迫，是合理化的生产方式本身，“无偏见的管理制度”
P0532	社会的斗争失去了斗争的对象。人获得了生活上的满足，但是人却失去了自由。
P0533	历史上，人的生存无法得到保证，人类还需要强化劳动来保证自己的生存，并压抑自己的本能的话，那么在现代社会，这种压抑完全是额外的压抑，出于统治的需要。
P0534	连续的、压抑性的本能组织所以必须存在，与其说是为了‘生存斗争’，不如说是为了延长这一斗争，即为了延长统治。
P0535	马克思：这是由于资本主义的制度。
P0536	生产力已经有了长足的发展，人不再需要为生存而斗争了。但是生存斗争仍然是人类生活中的主旋律。而这种生存斗争的主旋律使人长期处于一种被压抑的状态，
P0537	资本主义生产的目的不是为了消费，而是为了利润。这是核心。为生产而生产。
P0538	摆脱额外压抑的可能性和途径。《爱欲与文明》
P0539	马尔库塞和弗洛伊德：现实原则的作用下，人的本能受到了压抑，被扭曲了。人的这种本能的力量在劳动中是一种压抑性的升华。
P0540	非压抑性的升华：
P0541	他吸收了康德和席勒的思想。在康德看来，实践理性和理论理性是对立的。实践理性受到道德规律的制约，而理论理性受到因果规律的制约。那么人如何把自由的领域和自然的领域结合起来呢？这就需要第三个东西。这就是判断力。（需要精神文化上的努力）
P0542	马尔库塞抓住了康德的这个思想，强调了审美经验的想象的特征，强调审美中的自由。在他看来，在审美感性中，“审美的调解就意味着加强感性，反抗理性的暴戾，并最终唤起感性使之摆脱理性的压抑性统治。”
P0543	要把人的感觉解放出来，这就要借助于审美知觉。审美的文化能够导致“感觉的解放” 解除理性对于感性所施加的暴政。（人的感觉受到占有的束缚）
P0544	在这种美学思想的引导下，人类社会会建立一种新的秩序——一种非压抑的秩序。这种非压抑的秩序包含如下几方面的要素：第一，苦役变为消遣。第二，感性的冲动的自我升华和理性的贬值，调和了这两种基本的、对抗的冲动。第三，征服有碍于感性持久满足的时间。
P0545	一种富有的秩序。人类能够用最少的时间和最小的精力满足基本的物质需要。人类不再为生存的需要而斗争。必然的王国，劳动的王国不是自由王国。当劳动不再是为了生存的需要，而是为了消遣和表演的时候，人类就获得了自由的必要条件。
P0546	按照他的说法，如果消除了额外压抑的话，那么压抑人的社会组织就会消除，人和人之间的关系就会改变。首要的问题是解决额外压抑的问题。而要解决额外压抑的问题就是要逃避现实的操作原则。正如在梦想和幻想中，人得到本能的满足，就逃避了现实的操作原则一样。
P0547	人类可以从为了生存而进行的劳动中解放出来，可以把劳动和消遣、快乐联系起来。如果资本主义没有做到这一点，那么这是资本主义意识形态造成的。在他看来，资本主义的意识形态就是要把生存斗争的模式持久化。
P0548	人类为了文明、生存斗争的需要，人的本能受到的抑制。人把自己身体上的各种力比多的能量转移到了劳动中，人的性本能被控制在性器官上，控制在生育的需要的范围内。
P0549	而当人不再为了生存而劳动的时候，人的力比多的能量就从压制性劳动的束缚中解放出来。人的力比多的能量在身体的各个部位都重新得到了复活，而不再局限在性器官上。在这样的情况下，“肉体不再被用作纯粹的劳动工具，它重新获得了性欲。”
P0550	可以说，在非压抑的社会中，人的性欲也转化了，而成为一种爱欲。这就是把力比多“从限于生殖器至上的性欲改造成对整个人格的爱欲化”。如果性欲仅仅局限于生殖器，那么人们之间的爱只能是性伴侣之间的性爱，而不是人和人之间的对于人的广泛的爱。如果人的性欲扩大到了全身，转化为爱欲，那么这就会使人和人之间产生广泛的爱。
P0551	爱欲是人的本能的非压抑性的升华。它是非生殖性的。他说：爱欲是“对于所有美的事物的渴望”。而通过这种爱欲，人和人的工作关系也发生了变化。在这里，不再存在人对于人的压迫，而是人和人之间的关爱。这样，马尔库塞就构建了一个以爱欲为中心的乌托邦。在这个乌托邦中，生存斗争的模式失效了，
P0552	否定向度的渴望
P0553	生存斗争模式和现代资产阶级社会的意识形态
P0554	只要为生存而斗争成为人类的永恒主题，那么人类就永远都不能摆脱受压迫和被奴役的困境。
P0555	但是，生存斗争仍然是人们生活中的主题。这又是为什么呢？
P0556	人的需要是可以分为真实的需要和虚假的需要，现在已经分不清了。
P0557	个人的需要往往会受到社会的影响。
P0558	为了社会的利益而强加给个人的需求是一种政治的需要。政治上的控制就把人的这种需要作为自己的手段。人的这种需求是一种虚假的需求。这种需求是为了把艰苦劳动，把强制、把权力永恒化。
P0559	资本主义的生产方式长期存在秘密就是它不断地创造这种需求，不断地使人们把无用的东西当作生活之必须，把浪费当作必要，把奢侈当作地位的基础，把“面子”当作“里子”。人要不断地为奢侈、浪费、面子、废物而不断地艰苦劳作。
P0560	不断地创造需要，使资本主义生产方式不断的维系下去。资本主义的整个社会就是把非理性转换为一种理性。
P0561	产生许多无意义的劳动，目的是控制人
P0562	它已经模糊了自愿的行动和社会强制的行动之间的界限，把每一种社会强制行动转化为社会行动。
P0563	生存斗争的持久化
P0564	生存斗争是评价人的行动合理性的最高标志。这就是资产阶级意识形态的典型形式。
P0565	为了能够生存下去，人类就必须不断地为了生存而斗争。只要生存斗争的模式存在着，社会压制就不可避免。或者说，在生存斗争的模式里，压抑常常被看作是必要的压抑。
P0566	市场经济就是这种适者生存的经济。
P0567	科学技术的控制的合理化
P0568	在马尔库塞看来，资本主义社会的主要特点不仅在于它使生存斗争模式成为永恒的社会生活模式，而且使生存斗争的方式日益技术化。
P0569	技术在这里发挥了意识形态的功能，使人卷入生存斗争。
P0570	事实上，人在控制自然的过程中，人的内在的心理过程也受到了控制。
P0571	在这里，科学技术本身已经转变为一种意识形态。
P0572	生活条件的改善，仍然用维持生存模式的必要性来控制社会已经越来越难以维持了。于是，社会就必须有新的方法来控制人。而这种方法又必须被看作是合理的。
P0573	失去否定向度的社会
P0574	第一，马尔库塞认为，资本主义社会已经成功地把反对派同化了。
P0575	用摆脱劳役之苦来使广大群众对于未来的幸福和自由充满期待。
P0576	资本主义社会中的管理方式的变化。统治被技术性的管理所取代。
P0577	在这里工人成为受到了抬举的奴隶。但是他们的奴隶性质并没有改变。然而奴隶一旦受到了抬举就失去了对于自己的奴隶地位的意识。
P0578	现代资本主义社会也在政治领域消除社会中的各种麻烦之点。
P0579	比如，各个不同的政党之间走向合作。比如，在面对苏联的共产主义的威胁下，美国的各政党一致对付共产主义。在国内政策方面，为了赢得选民，“各大党的政纲变得越来越难以分别，甚至在其伪善程度和陈腐气味方面也是如此。”（对立面被收编，问题被技术化，虚假的选择）
P0580	文学艺术失去了批判的功能。
P0581	按照马尔库塞的分析，技术合理性的因素正在“清除‘高层文化’中的对立性因素和超越性因素。它们事实上屈从于流行在当代工业社会发达地区的俗化趋势。”（单向度的人，52页。）在他看来，高层文化在历史上都是与现实对立的。而在现代社会，这种对立性的东西消失了。
P0582	传统的高层文化揭示了受压抑的状况，和人们对于这种压抑状况的反叛。
P0583	而后技术文化是一种调和文化。这种文化通过调和对抗性的内容来消除艺术的批判向度。马尔库塞所深深眷恋的是艺术中的反抗精神
P0584	文学艺术世俗化了，与商业社会的秩序和工业秩序合流了。本来高层文化和世俗生活之间存在着一定的距离的。
P0585	在今天，高雅的艺术作品成为日常消费品，出售的商品，成为随时使人得到兴奋的东西。快乐原则在这里取代了现实原则，大拒绝（对现存社会整体性的、根本的拒绝）成为被拒绝的东西。
P0586	最后，马尔库塞痛苦地发现，现代语言也失去了批判的功能，成为全面管理的语言。
P0587	在他看来，原来人的语言是幽默的，富于创造性的，而现在人类的语言中充满了操作主义的要素。比如，自由、民主操作化，失去批判的意义。（可测量、可观察、可操作的具体指标）
P0588	规范性概念”降维为“描述性指标
P0589	“开放性问题”封闭为“既定答案”
P0590	政治价值问题转化为技术管理问题
P0591	工厂中工人的批判，用操作语言来化解
P0592	工人的不满被引导去寻求系统内部的、个别的、技术性、精确化的改善，从而强化了系统本身。
P0593	单向度哲学的批判
P0594	现代资本主义社会是技术思维控制的社会。这个社会已经完全控制了个人，个人在这里失去了自主性。他只能认同社会，而没有对于社会的批判精神。于是，这样的社会成为一个单向度的社会，成为一个失去批判精神的社会。那么应该如何恢复人的批判精神呢？
P0595	我们主要从两个方面来探讨马尔库塞对于哲学的分析。 一个方面是分析古典哲学中的否定因素。一方面是他对于现代哲学的批判。
P0596	马尔库塞对于古典哲学中的否定性因素的发掘实际上也是为了批判现代哲学中缺乏否定性而做出的理论上的铺垫。
P0597	马尔库塞强调，这种辩证法思想在黑格尔哲学中被保存了下来。而黑格尔辩证法还保持着内在否定的特征。
P0598	在马尔库塞看来，现代哲学就是忽视了哲学中的否定性要素，成为一种使生存斗争永恒化的资产阶级意识形态。他主要批判了从三个方面批判了现代哲学。第一是，他否定了当代哲学对于形式逻辑（与辩证逻辑相对，缺乏否定性）的使用，第二是，它批判了用日常语言（日常语言来分析哲学问题，是被管理的语言，受意识形态影响）来分析哲学问题，第三，他批判了当代科学哲学（崇尚科学方法论，实证主义）。
P0599	解放道路的探索
P0600	在马尔库塞看来，任何普遍的概念中都包含了矛盾和否定性的因素。抽象的概念表明了现实和可能之间的差异和紧张关系。
P0601	生产力水平的提高，物质生活水平的提高，就为人们的自由活动提供了必要的条件。
P0602	资本主义社会的理性的发展模式导致了这种发展模式的自我破产。这就是资本主义社会中的否定理性。
P0603	在这样的情况下，科学技术就不仅仅应该成为一种征服自然的技术，不应该成为束缚人的个性的技术，而是应该成为人的自由和解放的手段。
P0604	如果用技术来解决生存问题，就会出现技术对人的控制，就会使人失去思想的自由。于是，在马尔库塞看来，艺术可以被用来纠正技术的控制所产生的困难
P0605	革命的基础是感觉的革命
P0606	马尔库塞所期盼的社会是一个自由社会，是个人自由的社会。而人的这种自由应该从人的感觉、需求和本能的解放开始。
P0607	他认为，以往的革命都是不成功的革命，这是因为，这种革命是以一种压制代替了另一种压制，由一个统治阶级取代了另一个统治阶级。
P0608	通过人的本能和感觉能力上的解放来打开一条新的解放道路，从而避免以往的革命所出现的一种压迫代替另一种压迫的现象。
P0609	只有人的感觉和能力得到全面的发展，人和人之间的结合才是自由个人的结合，是一种社会的团结（solidarity）。这才是自由人的联合体。
P0610	弗洛姆
P0611	“逃避自由”，“健全的社会”，“为自己的人”，“在幻想锁链的彼岸”等著作
P0612	马克思与弗洛伊德思想的异同
P0613	用弗洛伊德思想来改造马克思，并借助于这种改造了马克思思想来批判资本主义。
P0614	马克思和弗洛伊德： 使人成为健全的人，
P0615	马克思：健全的人是有个性的自由人，潜能充分实现。
P0616	弗洛伊德：健全的人是既能劳动，又能从事性活动的人。
P0617	马克思和弗洛伊德都是一种动力学研究方法
P0618	马克思，一种人道主义的经验科学。
P0619	《1844年经济学哲学手稿》中关于“人的科学”。马克思所说的这种科学就是动力心理学。
P0620	马克思认为，人的行为是由各种动力驱动的。但是人不知道这种动力。
P0621	马克思和弗洛伊德都讲动力。
P0622	马克思：社会人的动力；弗洛伊德：自然人的动力。
P0623	马克思所说的驱动力，一种是永恒的动力：本能，一种是社会意义的动力。
P0624	马克思的伟大之处就是把两种动力结合起来。
P0625	在手稿中，马克思说：“吃、喝、性行为固然也是真正的人的机能。”弗洛伊德只有性本能。
P0626	如果把马克思和弗洛伊德结合起来，那么就可以很好地描述人了。人的本能中有“生本能”和“死本能”（马与弗，维持生存与走向毁灭）这两种本能的斗争。（后期与前期文明就是本能压抑变化。）文明是本能内部的斗争。要么就走向死亡，屈从于性的要求，要么就是压制本能走向生存。
P0627	在幻想锁链的彼岸（摆脱幻想的束缚，而走向自由的彼岸）
P0628	受启蒙思想的影响。
P0629	三句话来概括马克思和弗洛伊德的共同思想：
P0630	文明必须怀疑一切；
P0631	人所具有的我都有；
P0632	真理使你获得自由。但是主要强调第一和第二方面
P0633	马克思和弗洛伊德都有一种怀疑一切的精神（批判精神）
P0634	马克思：怀疑自由、真理等字眼。马克思的批判精神，两个决裂（与传统所有制和传统观念决裂）。
P0635	弗洛伊德：怀疑的艺术。他的催眠治疗技术发现，人的大部分思想是不符合现实的，受到文化的压抑和扭曲的。
P0636	如何走出幻想？
P0637	精神的锁链与现实的锁链。马克思注重的是哪一个呢？
P0638	马克思所强调的不是暴力，而是要有清醒的思想。马克思探索的是社会领域的真理。
P0639	弗洛伊德所探索的是个人领域的真理。心理活动背后的东西。
P0640	人道主义
P0641	马克思和弗洛伊德共同的东西就是人道主义。
P0642	马克思所突出的是摆脱压迫实现自由。
P0643	而弗洛伊德也是要把人从本能的压抑中解放出来
P0644	马克思和弗洛伊德关于人的观念
P0645	马克思和弗洛伊德：凡是人都有人的本质，人是一个物种，是类。本质是可以被认识的。
P0646	马克思：人的本质是“特定的潜能”。
P0647	弗洛伊德：人的本质是本能。
P0648	马克思强调人的本质的历史性。不同的时代潜能的实现是不同的。
P0649	弗洛伊德则认为，这始终是一样的。
P0650	弗洛伊德：本能的动力、性欲，
P0651	马克思：爱欲，性欲可以被纳入到爱欲中。
P0652	人的进化。弗洛伊德：性本能的进化，马克思：劳动产生人的进化。
P0653	马克思：也承认人的占有欲和消费欲。（人要吃喝）但是马克思主要强调的是生产力和生产关系。国家、上层建筑。对未来充满期待。
P0654	弗洛伊德认为，人类的进化会产生本能本能得道满足。本能的压抑。文明有积极的东西，也有消极的东西。
P0655	马克思的异化理论与精神病学
P0656	马克思的异化理论：
P0657	异化是什么
P0658	资本主义社会中的问题。在马克思那里，这是劳动异化。他认为异化的人是“残缺不全的人”，是“病态的人”。马克思对于异化的分析和批判也具有治疗性质
P0659	异化即是人类的病态。这不是一种新的病，因为自劳动分工以来，即从原始社会进入文明社会的时候起，它就必然地存在了；只是在工人阶级中，这种病才得以最迅猛地发展起来，以至于每个人都患着这一疾病。”
P0660	有什么表现
P0661	感觉、审美能力方面的异化 异化摧毁了人的一切价值，摧毁了人的纯洁的良心和道德的富有。异化还是人的欲望发生扭曲，产生某种“异化的欲望”。（精神分析的危机，59页。）
P0662	为什么分析异化
P0663	人的需求是在商品交换的逻辑中发展起来的。
P0664	马克思对于异化的需求的分析是为探求真正的人的需要。
P0665	健康的人是什么
P0666	马克思在健康人的概念中贯彻了人道主义的思想。
P0667	马克思：健康的人，是自由的人，是独立自主的人。
P0668	在弗罗姆看来，马克思对人的独立性的理解和弗洛伊德是完全不同的。
P0669	在弗洛伊德那里，独立的人的意思是，人从父亲的权威中独立出来。
P0670	精神病学
P0671	精神病是什么，有什么表现
P0672	精神病患者是失去自己的人。他在本我和超我之间失去了平衡。他把自己的全部感情寄托在别人的身上。他没有摆脱幼儿时期的欲望。他没有成为真实的自我。同时他又有成年的需要。
P0673	他没有关于自己的强大的信念。这种对于外在对象的完全服从类似于宗教中，人对自己所创造出的对象的崇拜一样。这种对对象的崇拜，在哲学中就是异化，而在心理学中就是移情。因此，弗罗姆认为，移情也是异化的表现形式。
P0674	为什么有精神病
P0675	在弗罗姆看来，精神病是异化的结果，是一个人把自己的感觉和自我功能转移到对象上了。这就如同人在劳动中创造了一个对象，并把这个对象作为自己的崇拜对象。实际上，他失去的不过是自己的爱的能力。
P0676	在精神病中，人受到了女人的控制，而在异化劳动中，人受到了商品的控制。因此，精神病是一种异化的结果。
P0677	弗洛伊德和马克思的区别：
P0678	弗洛伊德和马克思本质区别：马克思认为，人是由社会组成的，因此病理学根源于社会组织的特性中。弗洛伊德则认为，人主要是由自己的家庭中的遭遇所形成的；弗洛伊德根本没有意识到家庭只是社会的缩影和代理人
P0679	马克思和弗洛伊德关于健康人的概念的理解是不同的。在弗洛伊德那里健康的人是有性能力的人，是既能工作又能从事性生活的人。而马克思那里健康的人是自由的人，充分发挥自己的潜力的人。虽然弗洛伊德也强调健康的人是独立的人，但是他所强调的这种独立性是指人从对母亲的依赖中独立出来的人。
P0680	健康的人格，健康的心理。健康的生活。
P0681	弗洛伊德发现了一个大问题，原来羞于启齿的东西变成一个科学思考的问题。
P0682	但是不能性泛滥。
P0683	人道主义的性格理论
P0684	社会性格与社会进程
P0685	马克思没有清楚地说明，经济基础是怎样转变为上层建筑的。
P0686	他运用精神分析，阐明联结经济基础和上层建筑的各种纽带。
P0687	人的性格结构是由社会生存模式所塑造的，人的社会性格是不同的。一旦人的社会性格形成了，它不但会影响意识形态和文化，而且也会影响一个社会的生产力。
P0688	只有借助于社会性格的概念，我们才能真正地理解社会发展过程中所产生的各种问题，才能解决社会发展中的问题。这是因为，社会性格不仅受到思想、经济基础的影响，而且还会反过来影响经济基础和社会意识形态。
P0689	（他是用实证的方法来研究，把社会性格当作一个现成的存在来研究，而不是当作动态的来研究）
P0690	旧的社会主义的模式和农民心理的关系问题。（小农心理）
P0691	看到比自己富，嫉妒，但是也说不出口。于是要有借口。要冠冕堂皇的口号来实施嫉妒
P0692	性格是人的行动动力。他说：“性格结构既决定了一个人的思想和观念，又决定了一个人的行为。”
P0693	性格中包含了社会的因素。人的行动不是仅仅由心理中的本能因素所决定的，而且也是由社会的要素决定的。处理人和自然关系以及人和社会关系中表现出来。
P0694	他所探讨的不是某个人的具体的性格，而是一群人的共同性格，是“社会性格”。当然个人的性格可能千差万别，但是这些人都有某些共同特征。这种社会性格是“在一个群体共同的基本经历和生活方式作用的结果下，发展起来的该群体大多数成员性格结构的基本核心。”
P0695	具有某种性格的人会从自己的立场出发，做必须做的事情。弗罗姆说：“社会性格把外在必然性内在化了（把自然的东西内在化），从而驱使人把精力用在某一既定的经济和社会制度的任务上。”
P0696	我们的社会制度中，那些表现了性格结构呢
P0697	犹太人，有犹太人的文化。中国文化对于中国人的性格结构的作用。
P0698	在德国，由于旧的中产阶级仍然拘泥于狭隘的自我中心主义，经济竞争中的施虐和受虐心理仍然在起作用。这种心理需求在经济发展的新环境中无法得到满足。于是，人们就试图在政治领域中获得满足。这就出现了法西斯主义。
P0699	社会经济发展没有产生与之适应的性格结构。一夜之间暴富了之后，不知道如何做了。
P0700	到澳门赌博，玩小姐。烧钱。炫耀。
P0701	我们有没有在心理上成熟。
P0702	生产性的性格和非生产性的性格。（将社会性格固化了，其实这些取向往往是混合的）
P0703	人的性格的理想类型主要有非生产性取向的性格类型和生产型取向的性格类型。非生产性的性格类型包括接受取向、剥削取向、囤积取向和市场取向的性格类型。他详细分析了这些不同特征的性格类型。
P0704	接受取向：一切好东西都来源于外界，唯一途径是接受外界的来源。
P0705	在社会化过程中，只是接受爱，没有爱其他人。
P0706	收回对他们的爱，冷淡，➡极度的痛苦。
P0707	没有自主性和独立性，他们乐于成为他人的一部分，接受他人的控制。
P0708	从心理分析的角度来看，这种人具有“受虐狂”的心理。
P0709	积极方面：自我牺牲、乐于承担义务。消极方面：奴性、无自尊、无主见等。
P0710	剥削取向，与接受取向的人一样，都要从外部来满足需求，一切好的东西都来源于外界，都要在外界去寻求，人不能创造任何东西的。
P0711	差别在于，具有剥削取向的人不是期望获得别人的帮助，而是要通过强力或者狡诈从别人那里拿走东西。巧取豪夺。他们相信从别人那里拿来的东西比自己创造的东西要好。他们的格言是：偷来的果实最甜蜜。
P0712	在爱情的领域中，夺他人之所爱。在对他人的关系中，他们有一种虐待狂的心理。
P0713	在压迫和剥削其他人的时候，这种人也会伪装自己，表现为“仁慈”虐待狂，期望他所虐待的对象具有独立性。对于他们来说，“每个人都是剥削的对象，而且都要根据他的可利用性来加以判断。” 在思想领域这种剥削型的不创造思想，而只是接受思想。与接受型的人不同，这种人在接受别人的思想的时候，把别人的思想盗为己有，把别人的思想说成是自己的创造物。
P0714	囤积取向，和剥削取向的人一样，从外界获得满足自己需要的东西，但是囤积取向的人并不像剥削取向的人那样，期望从外界获得新东西。他们不相信人们可以从外界获得新东西。他们把自己的安全感建立在囤积和节约的基础上。他的格言是：“世上没有新东西”。
P0715	他们吝惜自己的钱财、感情和思想。不是亲近其他人，而是和其他人疏远、隔阂和冷淡。亲密是一种威胁；疏远或占有，则意味着安全。
P0716	市场取向，“把自己当作一种商品、并把个人的价值当作交换价值”。
P0717	在现代市场经济的发展中出现了“人格市场”。在人格市场上，人必须把自己当作商品来出卖。在人格市场上，人出售自己，获得交换价值。在商品市场上，人出卖商品是为了获得交换价值，而商品的使用价值不过是获得交换价值的必要条件。同样，在人格市场上，人的技能不过是获得交换价值的必要条件，而交换价值才是核心。
P0718	“成功主要依靠一个人在市场上怎样很好地出售自己，他的人格是否获得通过，他是否是一个漂亮的‘包裹’，他是否‘令人愉快’、‘健康’、‘可靠’‘雄心勃勃’；此外，他的家庭背景如何，他属于哪个俱乐部，他是否认识有权之士。”
P0719	人的尊严依赖于一个人是否能够有效地出售自己。越是能够有效地出售自己的人就越有尊严，越有价值。因此，弗罗姆举例说，就如旅行包要不断地翻新才能有较高的交换价值一样，人也必须在人格市场上赶时髦，包装。 比如，官员，尤其是当职位不是很明确的时候要加上（市局级）
P0720	在市场中，每个人都是按照成功的模式来塑造自己。他的个性在市场中是多余的，是压舱物。
P0721	弗罗姆所考察的生产性取向（积极的活跃的自由的）
P0722	是指人能够创造性地体验、观察、考察他自己、他人和周围的其他事物，是人对他人，对自己和世界作出的生产性的反应。而所谓生产性就是指一个人运用自己的力量的能力，是一个人实现内在于他的力量的能力。而人要能够运用这种力量，人就必须是自由的。
P0723	具有生产性取向的人并非必须是艺术家，而是能够生产性地体验、观察和考察艺术作品的人。这种生产性是人的潜能的实现，是人能够运用自己的理性的力量，爱的力量，想象的力量观察他人、自己和周围事物。
P0724	按照弗罗姆的理解，一个具有生产性性格的人也是具有生产性的爱和思维能力的人。这种爱是包含了关心、责任、尊重和认识。
P0725	是对他人的关心和爱护，是对他人的生命以及他们的成长承担责任。这种爱的最典型的特征是母爱。显然，弗罗姆所说的爱是一种人道主义意义上的博爱。
P0726	在弗罗姆看来，对他人的关心和对他人负责，不是要控制其他人，不是要塑造其他人，而是要尊重其他人，使其他人按照自己的自由个性来发展。
P0727	具有生产性思维能力的人就是我们通常所说的具有创造性能力的人。
P0728	生产性的爱和生产性的思维被他看作是健康的人的内在要素。这种新的健康人的标准也是他的健全的社会的标准，是他分析和批判资本主义社会的标准。
P0729	逃避自由的社会心理基础分析
P0730	人最初与自然融为一体的，人不过是自然中的一部分。弗罗姆认为，这个过程在每个人的成长过程中都出现过。儿童在母体中是与母亲融为一体的。在这个时期，人和自然（母亲）之间存在着“始发纽带”。
P0731	随着人对于自然的改造，人逐步从自然中摆脱出来。从宗教改革开始的西方文化运动又不断地使人从精神上和社会上独立起来，成为一个精神上和社会意义上自由的人。
P0732	既然人已经割断了始发纽带，摆脱了自然的原始的束缚，那么人就必须和自然和社会发生一种新的联系，建立一种“继发纽带”。人和自然、社会之间所建立的这种“继发纽带”是受到家庭的教育和社会经济状况影响的。人的个体化越发展，人和自然、社会之间的矛盾就越明显，越尖锐。建立人和自然、社会之间的继发纽带的任务就越繁重。儿童打母亲。
P0733	人不断增长的个体性会使个人与世界分离。但是在个人的独立化的过程中，要素阻碍了人的发展，使人无法和他人、社会建立密切的关系，人的孤独感、焦虑感和不安全感日益加深。
P0734	（自由与人的个体化过程一样，也是有双重的意义。一方面，它使人的独立性不断提高，另一方面人的孤独感、人和自然、社会之间的异化也更加突出。长期以来，人们对自由的理解是片面的。他们只看到自由的积极意义，而忽视了自由的消极意义。）
P0735	在残酷的经济竞争中，人随时都有被淘汰的危险。人面临着随时都可能出现的危机。他虽然自由了，但是孤独感和不安全感加深了。他精神上自由了，但是，在各种各样的政治宣传面前，在广告面前，他感到无从选择，他感到自己渺小和卑微，他失去了批判的精神。
P0736	人从自然的纽带中摆脱了出来，而又没有发展一种能力在人和自然、社会之间建立一种新的纽带。消极的自由得到了迅速的发展，而积极自由却相对滞后，这使人感到渺小和孤独。于是人们不再渴望自由，而是要逃避自由。
P0737	“权威主义性格”。
P0738	这种性格是在特定的家庭氛围和社会范围中形成的。人在心灵中形成了一种对于权威的矛盾心理。一方面，他憎恨权威，反抗权威。这体现了他的个人的主体意识的觉醒。另一方面，他又崇拜权威，服从权威。他希望通过对于权威的崇拜而融入社会群体之中。
P0739	这种权威性格是人身上常常所具有的那种施虐-受虐性格的表现。人身上的受虐冲动是要使自己屈从于另一个人或者组织，把自己交给另一个人。
P0740	施虐和受虐冲动在心理上都反映了人的一种共生需要。受这种冲动控制的人在人格上不是完整的，都需要与别人共生才能获得安全感。
P0741	在人失去了原始的“始发纽带”之后，人在寻求一种新的把自己和世界联系起来的纽带，一种“继发纽带”。
P0742	逃避自由的心理机制中的机械趋同机制
P0743	个人为了克服自我的孤独和软弱常常会变得和其他人一样。
P0744	个人在思想上，情感上，行动上和其他人一致起来。这种一致性不仅使个人没有独立的思想、情感，而且还会使人失去批判精神。
P0745	为了克服这种无助的感觉，人需要与世界发生某种联系，建立新的纽带关系（继发纽带）。但是这种继发纽带使人或者在集体中或者在权威的庇护中失去自我。人失去了旧的束缚，但是却受到了新的束缚。
P0746	如果联系到我们上面所说的四种非生产性的性格学说，那么我们就可以看出，无论是哪一种非生产性性格，都无法建立人与人之间的积极的、创造性的爱的关系。非生产性的人格的人都会逃避自由。他们逃避自由的方式可能会有所不同。比如，施虐和受虐主义者，比如，毁灭他人而成为孤独的占有者，比如盲目地接受市场秩序等。
P0747	通过爱，人和社会之间建立起具有人道主义特征的博爱的关系
P0748	通过劳动，人和自然之间建立起新的观察、体会和认识的关系。
P0749	哈贝马斯
P0750	交往行动理论：
P0751	社会研究中有两种理论：行动理论（从个人的行动出发，关注单个的人怎么行动）和系统理论（把社会当整个系统来研究，如马克思，但马也有行动理论的视角）
P0752	哈贝马斯的行动理论：交往行动理论
P0753	什么是交往行动
P0754	先要弄清他对社会的理解（从系统和行动两个角度）
P0755	作为系统的社会（从外部观察者的角度）
P0756	要素：社会文化、政治、经济系统组成的。（大系统中有子系统）。处理的对象：
P0757	系统环境：外部自然或非人类环境中的物质资源；外在社会 社会所涉及到的其他社会系统；内在自然或社会成员的有机基础。
P0758	系统的运作方式和进化特点。“随着控制能力的加强，社会系统从内外两个方向上把它的边界向自然领域扩展：随着系统的‘（控制）力量’的增强，对于外部自然的控制和内在自然的整合也有所加强。”系统不断分化，不断专业化
P0759	从行动理论角度来理解（从内部参与者的角度）：
P0760	社会作为生活世界：“社会，从生活世界内部来看，可以被描述为通过交往（交流）而产生的协作体系。”人们在其中进行文化、经济和政治活动。（生活世界的基础上分化出来的）
P0761	但是，人们这里所发生的行动上的互动，是相互理解。
P0762	环境：与系统一样有三个。
P0763	社会行动的种类与交往行动
P0764	哈贝马斯对于社会行动的区分：
P0765	策略行动：涉及外部世界，使用某方法达到某目的，拓展到市场交换活动中
P0766	规范调节的行动：社会世界中发生的，借助社会规范进行调节
P0767	表演行动：涉及内在世界，爱要显示出来，把情感需要表演出来
P0768	交往行动：三个世界共有的，通过语言来达到目的，调节上述三个行动，这些行动也需要语言来发生
P0769	行动理论和系统理论的关系：
P0770	行动理论也有系统，社会的发展就是社会的子系统不断从生活世界中分化出来的过程，分化的越厉害，社会效率越高，社会越进步，但是也有可能子系统脱离生活世界的根基，力量过于强大，反过来侵害文化系统，比如资本主义下的经济系统
P0771	交往行动：
P0772	在交往行动中的前提：行为者要与客观的世界、主观的世界以及社会的世界发生联系，还必须以语言这个中介为前提。
P0773	即，在交往行动中，行为者通过语言与三个世界发生联系。
P0774	哈贝马斯承认，在这三种行为中行为者确实要运用语言与它们发生联系，但是，“在这三种行为模式中，语言被人们从不同的角度片面地理解了。”
P0775	只有在交往行动的模式中，语言作为无限制的理解媒介才成为前提，在这个前提下，言语者和听者在他们的未经过解释的生活世界的地平线上，同时涉及到客观世界、社会世界和主观世界中的某种东西，从而对事态形成一个共同的规定。
P0776	交往行动中语言的特点
P0777	“以言取效”的言语行为（取效，用语言做事）：为了促使其他人从事某种活动而达到自己的某种目的
P0778	“以言表意”的言语行为（表意，研究语义）：为了达到与别人的相互沟通，是为了表达自己的意思，从而使别人理解自己
P0779	在交往行动中，言说者和听者都把三个世界作为他们的言语行为的参考系。
P0780	言说者提出看法（必须满足有效性要求）➡（可能会受到质疑（他的说法的有效性受到了质疑）➡为自己的命题的有效性进行辩护➡）说法被听者所接受（听者认同了他的说法的有效性）➡那么他们对于有关三个世界（或者某个世界）的命题的有效性达成了一致➡语言交流的相互理解，以上就是交往行动
P0781	哈贝马斯说：“理解意味着交往的参与者在话语的有效性上达到了统一。这种一致是相互之间对于言说者对他的言语所提出的有效性要求的相互认同。”
P0782	三个方面的有效性要求（语言要发挥作用，语用学的方面）：
P0783	客观世界：正确性 策略行动
P0784	社会的世界：正当性 规范调节行动
P0785	主观的世界：真诚性 表演行动
P0786	前提：言语的可理解性（语义学是语用学的前提）
P0787	行动状况：
P0788	人们总是在一定的具体情况下（在生活世界的背景下）发生言语行为的。哈贝马斯把这种具体情况称为行动状况。
P0789	如，在一个建筑工地上，老师傅让新来的同事去买早餐。那么，这就涉及到许多客观事实、主观思想以及社会的规范等。
P0790	“行动状况表现为一种理解的需求和行动可能性的领域。”
P0791	“对参与者来说，行动状况就是他们的生活世界的中心。它有一个变化的视野，因为它涉及到生活世界的复杂性。
P0792	在一定的意义上，交往的参与者所属的那个生活世界始终是在场的，但是，正因为如此，生活世界构成了实际情况的背景。”
P0793	生活世界的变化
P0794	哈贝马斯说，“只是生活世界的有限的部分才被纳入到行动状况的视野中，才构成以理解为目标的行动的主要范围，才出现在知识的领域内。
P0795	生活世界表现为，自明的和不可动摇的信念的宝库，这个宝库是交往的参与者在合作的解释过程中使用的。生活世界的确定性
P0796	当单个的因素、一定的自明的东西与某种状况相关的时候，它们就会在一致赞同而又同时可能受到质疑的知识的形式中被动摇。生活世界的可变性
P0797	ps：生活世界中的某些问题凸显出来，即行动状况，人们才对此要进行思考，进行交往行动。一旦原本“自明”的信念被带入讨论，就可能从确定无疑的背景变为可质疑、可论证的知识。
P0798	从外部观察者的角度来看：社会就是一个系统，我们就考察社会是如何实现提高自己的自我控制的能力。
P0799	从社会中的行动者的角度来看，社会就是生活世界，从生活世界的角度来考察社会，我们就要研究，社会中的个人是如何相互理解，合作行动的。
P0800	交往行动，相互理解、合作行动，
P0801	生活世界中分离出来的各部分按照合理化的原则进行合作
P0802	（分化，效率提高）
P0803	经济系统出现，国家管理、行政系统出现……
P0804	社会越来越复杂，对系统整合的要求变高，风险也变高
P0805	系统整合
P0806	社会被看作是系统时，社会克服危机，进行有效的自我调节的过程就是社会的系统整合“我们所说的系统整合，涉及到的是一个自我调节的系统所具有的特殊的控制能力。这里的社会系统表现为它们克服复杂的周围环境而维持住其界限和实际存在的能力。”复合性的提高
P0807	社会整合
P0808	哈贝马斯说：“社会，从生活世界（代代相传的社会文化系统）内部来看，可以被描述为通过交往而产生的协作体系。”不是说，人们在社会生活中没有冲突、意见上的差别、合作上的失败，而是只有通过语言上的相互沟通和交往，社会化的个人才有可能在一定的文化背景的基础上相互结合起来，社会整合才能得到保证。
P0809	社会化的个人，通过语言上的相互交往，通过对于外部世界，内部世界和社会世界理解而能够相互理解，相互协作。他们过语言而进行的相互沟通不是为了某种有效的目的，而是为了相互理解和相互合作（语义学方面，在系统视角就是语用学方面），从而达到社会的整合。
P0810	系统整合和社会整合的关系（相互依赖，缺一不可）
P0811	“社会系统的理想价值一方面是传统文化价值的产物，
P0812	另一方面又是系统整合非规范要求的产物：
P0813	在理想价值中，社会生活的文化定义与系统论对于生存命令的重构是相互联系的。”
P0814	生存是系统自我维持所必需的，而文化告诉人们行动的自我维持所追求的目标。
P0815	因此，一方面，需要生产力的提高，另一方面，需要文化价值系统的变革。
P0816	行动理论与系统理论的关系？
P0817	社会系统是从生活世界中逐步分化出来的，独立出来的，不受限制。表现为借助语言时不是为了以言表义，相互理解而是以言取效，本来作为交流媒介的语言不再受重视，被钱和权力所替代（虽然也会借助语言）
P0818	生活世界为社会形态提供了社会整合的基础，为社会发展提供了价值目标。
P0819	社会系统按照利用其自身的媒介，按照其自身的逻辑来发展。（不听话）
P0820	社会系统变成了第二自然。它们为自身的正当性提供价值基础。（不讲道理）
P0821	生活世界通过法律（根基是语言，根源是生活世界）为社会系统提供规范基础
P0822	系统整合（维持生存，为生活世界服务）和社会整合（为整个社会提供基础）。
P0823	但是，系统整合脱离了社会整合的基础，反过来侵害生活世界。
P0824	把社会理解为生活世界，就是社会看作是社会成员之间通过相互理解而形成的有机体。这种通过相互理解而发生的社会团结就是他所说的社会整合。他说：“社会的再生产因此表现为维持生活世界的符号结构。”如果，社会整合出现问题的话，社会就会分裂和瓦解，这是最根本的危机
P0825	社会的进化和社会危机
P0826	社会进化表现为三个层面的变化：
P0827	生产力的提高，
P0828	系统自主性（控制力量）的增强
P0829	规范结构的变化。
P0830	社会危机（社会崩溃，人心溃散，陷入迷茫）
P0831	社会进化是两个层面的学习：
P0832	技术层面的学习，
P0833	规范层面的学习，
P0834	社会系统的进化：生产力的提高、系统的控制能力的增强以及系统的规范结构的变化。讨论社会系统的危机，也从系统和生活世界两个方面考察系统的危机。
P0835	当系统的控制问题产生了，并威胁到社会的自我认同的时候，系统危机就出现了。主要是经济危机，政权危机。
P0836	系统危机：“系统整合的持续失调”。
P0837	系统危机和社会危机，区分开来。
P0838	我们必须在政治、经济和社会管理方面进行必要的改革。
P0839	这些改革是用来提高社会的控制能力，如果人们把这种改革看作是必要的，并认为，这种变革不会威胁到社会的存在，那么社会的这种变革是就不会导致危机。
P0840	社会危机：社会整合的危机。
P0841	在社会成员感觉到结构变化影响到了继续生存，感觉到他们的社会认同受到了威胁时，我们才会说出现了危机。系统整合的失调只有在使社会整合岌岌可危时，即在规范结构的共识基础受到严重破坏，社会变得失范时，才会危及继续生存。危机的状态表现为社会制度的瓦解。
P0842	交往行动理论对于现代资本主义的问题的理解（从系统整合和社会整合的关系看）
P0843	传统社会：政治和经济系统没有完全分离开来。阶级的对立直接表现为人对人的剥削。人对人的剥削直接具有政治统治的特征。
P0844	于是，政治统治以国家的伦理来为这种阶级剥削辩护。正当性依靠传统文化来维系。传统社会是依靠对下层群众的剥削来维持系统的运行的。
P0845	自由资本主义社会：
P0846	政治和经济发生了分裂（是文明的特征，这样发展更快）。雇佣劳动的关系成为社会组织原则的核心。资本和劳动之间的关系没有政治的意义，而纯粹是一种经济的关系。（去政治化，合理化）
P0847	“阶级关系的非政治化和阶级统治的匿名化（被意识形态掩盖）”
P0848	经济关系自身合法化，不需要其他东西来为它辩护。（不强迫人们受其统治，而是倡导自由平等的交换）
P0849	把工人运动（武装斗争）转换为政治制度内部的党派斗争，把合法性危机转化为政府权力的更替。
P0850	强调人与人之间的平等交换：不仅是市场交换的原则；还是社会意识形态。
P0851	这意识形态表明：
P0852	资本主义社会市场的交换➡有效地生产必要的商品➕满足人的需要➡维持系统运行
P0853	掩盖人与人之间的剥削关系➡社会整合，用经济原则取代文化交流
P0854	本来人和人之间的关系的问题属于社会生活领域中的问题。这个问题是要依靠人们之间的社会规范来调节，通过道德和法律来调节。
P0855	在传统社会：人和人之间的关系，特别是阶级关系直接表现为政治关系，表现为政治斗争。
P0856	在现代资本主义社会：这种阶级关系直接表现为经济关系，阶级斗争直接表现为经济斗争。在这里，阶级斗争和阶级矛盾就转移到了经济层面上，控制层面上，以经济危机的形式表现出来。
P0857	本来，社会整合是属于生活世界领域的任务，在资本主义社会中系统已经侵入了生活世界，控制了生活世界。因此系统不仅进行着系统整合而且进行着社会整合。
P0858	结果：
P0859	在资本主义社会中，经济系统不仅要完成系统整合的任务，而且要进行社会整合的任务。
P0860	如果系统整合出现问题的话，那么社会整合也同时出现了问题。
P0861	这种危机是系统危机。
P0862	资本主义社会中的任何一次的经济危机都容易表现为真正的社会危机。
P0863	“当控制问题直接威胁到认同的时候，社会系统面临危机的可能性也就大大增加了。我所说的就是这个意义上的‘系统危机’。”
P0864	解决问题：
P0865	资本主义社会创造了一种形式民主的制度。这种形式民主制度表现为，行政系统通过制度和程序的安排，使行政的决策独立于公民的意志和动机。或者说，行政系统通过制度和程序的安排，使行政决策具有某种“客观”的性质比如，专家论证、科学决策。这样，行政系统的决策既是合法的，又能够得到大众的忠诚。
P0866	合法化危机
P0867	但是，在当代资本主义社会，国家干预经济过程，这就意味着，阶级关系在这里重新政治化了。在垄断资本主义社会，阶级关系重新政治化，政治系统重新参与到社会整合中。这使资本主义社会的格局发生了变化。
P0868	ps：国家干预经济，政府调控，多收税，尤其是富人的税，就违背了资本主义社会的前提：自由，也就挑战了资本主义的合法化系统
P0869	哈贝马斯的民主法治国家理论（商谈/议民主理论，语言为媒介回到语言去！）
P0870	背景：国家和市民社会的分裂。
P0871	资产阶级革命➡资本主义制度确立➡政治解放➡国家无权干涉自由人的交换➡国家和市民社会的分裂，国家权力不能干预市民社会，才有自由资本主义
P0872	但，需要国家干预时，怎样让其正当化？怎样从形式民主走向实质民主？
P0873	公共领域（大家都能进，专门讨论用的，意见和意志交流的领域，不归政府管，也不是私人经济领域）的结构转型：
P0874	封建社会：公私界限不明确，公共空间有限
P0875	自由资本主义社会，私人人士通过期刊、读书会、俱乐部，对公共事务进行理性批评与讨论，从而监督国家、形成公共舆论。后来公共领域被“商品化”和“制度化”。
P0876	国家资本主义社会，国家为维稳而介入，被金钱和权力操控，再封建化
P0877	公共领域的商谈：
P0878	原则：正当性的定义。理由正当就接受。平等自由交流，无内部（心理上的抑制）和外部（别人强迫）的强制。
P0879	商谈原则、民主原则和法律原则：（相互作用）
P0880	民主制度（商议民主理论）：商谈原则的法制化。
P0881	区分强公共领域和弱公共领域：
P0882	·强公共领域：有组织的公共领域
P0883	·弱公共领域：没组织的、无人管的
P0884	弱公共领域的意见进入强公共领域，经过讨论后形成法律（听从人民的意见），即商议民主
P0885	程序主义的民主
P0886	如罗尔斯：纯粹程序正义，让分蛋糕的人最后选
P0887	·对民主选举问题的批评：
P0888	选举民主的过程：选举拉票拉大部分人，少数人的利益被忽视，导致→权力的和平转移（也只做到了这个），谁的力量大（多数），谁当执政者（不讲道理），少数人（精明的利己主义者）只能下次争取成为多数→选举出来的政府的正当性受到质疑。
P0889	合法不等于正当！
P0890	仅仅程序民主，通过的决策，有人反对，从道德上讲也是不正当的
P0891	批评：这样的选举没有用道理说服人，而是用感情等的非道理来说服人。
P0892	三种问题：道德问题、伦理政治问题、实用性问题
P0893	三种商谈模式：立法领域的商谈、司法领域的商谈、行政领域的商谈
P0894	商议民主的本质：让人民统治，但人民无法直接行使政治权利，但可以行使话语权，通过交流来使得问题变紧迫，进入议会立法
P0895	反对压力团体，公民运动，没有商议。
P0896	鲍德里亚
P0897	法国的马克思主义，结构主义的马克思主义，受马尔库塞的影响，批评消费社会，发达资本主义社会
P0898	如何理解后现代社会（鲍德里亚本人没有用这个概念）？
P0899	机械化大生产后期。马克思说的经济危机指生产相对过剩（结构性过剩），假如绝对过剩呢？鲍德里亚讨论的就是这个
P0900	鲍德里亚的方法：结构概念的分析
P0901	能指：声音、符号，可以用来指称对象的（物理上的）
P0902	所指：所表达的观念、概念、意思（思维上的）
P0903	鲍德里亚用索绪尔的理论，对所指进行了拓展，世界上所有的东西都是符号，漂浮的能指，符号不指向真实，而指向其他能指，连环指涉，掏空真实的意义
P0904	符号的功能意义：实际的作用
P0905	和符号的结构意义：品牌等
P0906	以商品为例：购入的不仅是功能意义还有结构意义
P0907	生产的终结及其影响
P0908	以满足人的需要为目的的生产终结了
P0909	生产的终结的社会背景：
P0910	政府和企业对于需求的刺激。补贴、广告、打折
P0911	“需求”：自发的需求和被刺激起来的需求（仿真的需求，好像是真的）。（可以反思）
P0912	外在的刺激变成内在的追求：时尚化的追求。（追求流行、追求高级、从众）其基础是解放，符号的解放、生产力的发展，宣扬的自由平等
P0913	制造等级（从生到死，都区分了等级，从而刺激消费），维持社会系统运行的基本方法。（阿多诺对于资本主义制度的比喻）
P0914	（平等的悖谬（wxs）
P0915	追求平等实际上都是以不平等为前提的。
P0916	通过平等的口号来证明不平等的正当性。
P0917	通过制造不平等把追求平等的课题永恒化。）
P0918	影响：
P0919	生产与再生产
P0920	生产的目的发生了变化：为满足需求还是为了维持系统的再生产。等级的差别就是为了维持系统的再生产。生产过剩了还要生产，这里的再生产与马克思的扩大再生产不一样
P0921	生产与再生产的差别：再生产 “仿真的生产”，那些生产出来的商品好像有拓展的功能：仿真的功能
P0922	生产和再生产的关系。现代社会：生产中心，也有再生产。后现代社会：再生产是中心，生产成为再生产的组成部分。
P0923	危机：
P0924	为了维持再生产；危机就成为必要的。
P0925	制造仿真的危机-制造短缺-维持系统的运转
P0926	危机是资本主义社会系统运行的必要手段。
P0927	丰盛和短缺之间的对立变得不明确了。
P0928	实事求是地看待西方人所提出的各种危机。
P0929	工人是没有确定意义的代码。被安排到一个结构体系中获得意义。
P0930	演员和观众在一起的剧院，分不清谁在表演谁在生活，仿真的生活
P0931	劳动成为符号：
P0932	劳动是被生产出来，供人消费的产品。
P0933	生产过剩，又要维持系统运转，就制造岗位给工人，工人的劳动成了表演，劳动成了工人消费的产品，消费反而成了劳动
P0934	劳动成为“符号”。各种劳动岗位可以互换。
P0935	劳动不再是实现自我价值的实践活动，而是仿真的劳动，是表演，谁干都一样
P0936	看电视也是劳动。为别人劳动
P0937	一种东西是不是劳动，主要根据它在符号结构中的意义而被定义。
P0938	劳动对于自己的目标无动于衷。劳动没有目的。变成为劳动而劳动。具有审美的意义，表演意义上的劳动。无目的的劳动，仿真的劳动
P0939	死劳动对活劳动的霸权
P0940	生产性劳动和服务性劳动（服务于生产的劳动）的区分失去了意义。
P0941	劳动就是服务。为维持资本主义体系而服务
P0942	劳动就是效忠，就是在场。效忠于领导、体系
P0943	劳动就是为维持资本主义社会系统服务
P0944	整个社会就是工厂，劳动与非劳动的界限不再分明，仿佛整个社会都在劳动或者不劳动
P0945	工厂的存在就是要掩盖整个社会变成了工厂。
P0946	“工厂消灭了，因为整个社会就是工厂”。
P0947	系谱学的分析方法。福柯
P0948	最初是尼采的重估一切价值
P0949	福科用这个来研究资本主义社会，把历史倒过来分析（区别于历史学分析）
P0950	福科的透视监狱，方便监管，社会有一个无所不在的等级制度，监视着我们（等级监视）监狱的存在就是要掩盖整个社会都变成了监狱。
P0951	最初战犯直接杀（因为养不起），但随着生产力的发展，收容战犯，让其劳动，并逐渐成立监狱，培养犯人劳动，进而全社会都要被规训、培养，劳动，社会变成了监狱
P0952	人是劳动力，包含了符号压迫。让人拼命的劳动，而实际上劳动是仿真的、无意义的表演
P0953	资本主义就是要生产这种具有标志的人。就像男女（不仅仅是一种生理意义）符号就是要生产一种符号压迫。这是一种“代码恐怖主义”
P0954	仿佛女就是低劣的，本来很多地方不需要男女的界定，但却到处都是界定，符号压迫到处都是
P0955	工资：让劳动者承认自己是工人，承认自己的被控制地位。让人接受符号压迫
P0956	工资是资本家的投资，是用来包围工人的。
P0957	马克思：工资是进行劳动再生产的，是可变资本（能赚取剩余价值），与不动资本不同
P0958	工人对待工资的态度，应该是最多的工资，最少的劳动。劳动与工资之间没有关系了。
P0959	劳动已经变成了仿真的劳动，不需要你做多少，机器可以完成，而资本家不需要你劳动就可以赚很多钱
P0960	劳动与工资本来应该是等价交换，但这一联系已经被瓦解，工资只是用来参与消费的筹码，劳动是不得不忍受的代价
P0961	货币：货币与财富的使用价值无关了。只是为了让人多花钱多消费
P0962	货币失去参照。失去目的。
P0963	货币与金本位脱钩，不再用来衡量财富，
P0964	成为纯粹的能指符号。漂浮的能指
P0965	生产的终结和西方金融危机。只玩钱，不生产
P0966	罢工：传统的罢工失去意义（没有之前那么有意义）：过去的停产对资本家的影响很严重，现在不在乎了，传统的生产的没有意义了，机器能够做
P0967	资本让任何罢工都腐烂
P0968	罢工什么也不能改变
P0969	那么该怎么办呢？
P0970	为罢工而罢工，对付为生产而生产。想罢工就罢工，无目的，这样你也控制不了我，反正劳动也是无意义的，你糊弄我我糊弄你
P0971	工会不再能够带领无产阶级革命。“无产阶级的堕落”。吃饱了不干活
P0972	相信边缘群体。这些人没有受到新教伦理的毒害。依靠外来工人
P0973	政治经济学批判是已故秩序的视野。现在已经不是传统的政治经济学了
P0974	如果还用政治经济学批判资本主义，那么这不过替资本主义辩护，因为资本不剥削工人。（而是控制工人）这种批判掩盖了资本主义社会的符号统治。
P0975	罢工、多发工资都是没用的，无关痛痒，依旧被符号统治
P0976	资本就是要把人们引导到政治经济学的批判模式中，它喜欢这种批判。
P0977	只有符号政治经济学批判才能有效
P0978	马克思的政治经济学批判理论拆除了革命的引信。
P0979	那么如何才能对付资本主义社会中的问题呢？象征交换。不计算，不积累
P0980	缓慢死亡与暴死（奴隶和主人的关系）与其缓慢死亡，做永远的奴隶，不如暴死，开摆，躺平
P0981	馈赠与反馈赠。不一定要等价
P0982	系统扣押人质（象征意义上的扣押人质和经济意义上的扣押人质）。
P0983	人不仅被工资、生存等经济因素绑架，还被符号系统绑架
P0984	评论：马克思的基本理论主要是针对工业资本主义社会的。马克思主义不能直接回答当代资本主义社会中的问题，但是不是不能回答这些问题。鲍德里亚本人对资本主义的批判实际上也没有离开马克思主义。从经济分析开始说明当代资本主义社会的各种变化。这说明马克思的基本思想是正确的。（还是从生产力开始，再到生产关系）
P0985	政治的终结与后现代政治哲学的崛起
P0986	政治的终结：与生产的终结对应，生产的过剩对应大众传媒的过剩
P0987	传统的以阶级斗争为基础的政治的终结
P0988	何为政治：毛泽东（认清敌友）、施密特
P0989	背景：传统意义上的阶级对立发生了根本性的变化。
P0990	工人阶级不再是传统的工人阶级，而是仿真的工人
P0991	西方一些政党努力成为全民党。统治阶级也发生转变，从代表某一个阶级的利益，反而转向代表全体人民的利益，阶级模糊化
P0992	鲍德里亚对于生产终结的分析和无产阶级的概念。如果有阶级，那么这种阶级是“仿真意义上的阶级”。
P0993	微观政治现象的出现。微观权力，微观意识形态。不是结构分析，而是分析具体的人
P0994	权力是克服一切阻力贯彻自己的意志，微观权力是人与人生活中贯彻意志的表现
P0995	微观意识形态也是生活中的，如帝王蟹很难吃，内含微妙的意识形态（贬低，装）
P0996	传统的意识形态的终结。因为社会结构的变化
P0997	政治犬儒主义的兴起。像狗一样，龟缩，对政治、经济失望，不感兴趣，不管
P0998	政治游戏、政治表演出现了。因为大众传媒，把政治变成了吸引人眼球的，时尚化的东西
P0999	两个政党：仿真意义上的政党 实际上都在争取中间派的利益
P1000	选举是第一大传媒 重在表演，引人注意
P1001	猴子在投票。受人操纵，没有标准
P1002	仿真的民主
P1003	传媒在当代民主制度中的作用。吸引人的注意，不讲道理
P1004	商议民主的社会基础 通过传媒试图讲道理
P1005	哈贝马斯的商议民主理论：公共领域在大众民主制度中的作用。
P1006	所谓市民社会和公民社会的关系。（zivilgesellschaft）
P1007	选举是第一大传媒
P1008	大众传媒中所出现的内爆现象 太多，多种多样的信息相互挤压，争夺，只为引人注目，争取观众
P1009	“内爆”vs外爆
P1010	媒介就是信息。
P1011	“劲爆”了。只能用一些触目惊心的不择手段的来吸引人
P1012	鲍德里亚称为“触觉文化”
P1013	这是大众传媒自我生产所必须的。吸引大众。刺激大众对于各种传媒的需求。
P1014	一些奇闻异事的所谓“新闻”
P1015	如果说经济上会出现再生产。那么舆论信息领域也会出现再生产。
P1016	问题吞噬答案（社会调查中的问卷），而不是问题索取答案。舆论的自我再生产。仿真的舆论。问卷已经有了答案，
P1017	民意调查就是一种自我生产。既是真的又是假的。超出了真假。“仿真”
P1018	代表制的终结。仿真的代表。
P1019	大众化现象的出现（社会性的终结）。被人牵引，无主见无主张
P1020	沉默的大多数就是这样的大众。
P1021	公众和大众。
P1022	公共性（publicity）和大众性（popularity）。
P1023	现代社会中的时尚化现象 在政治经济领域都有
P1024	时尚追求形式的东西。形式的变化。模样的变化
P1025	时尚中的等级制度（结构价值）玩弄差距，拉开差距又缩小，吊人胃口
P1026	对于时尚的爱好的强热程度。类似于爱情。但是追求的是没有意义的东西。
P1027	时尚有一种自杀的倾向，时尚必然意味着过时，必然有新的替代旧的
P1028	时尚与博物馆。陈列更迭的旧物。新和旧的重复更替。新只是形式上的更新。
P1029	时尚与大众的出现 追求时尚，跟风跑 没有主见 盲目追捧
P1030	大众的出现对于民主制度的伤害。
P1031	集权主义产生的基础。法西斯的基础，他们失去了政治判断力
P1032	政治上的赶时髦，跟风跑。
P1033	羊群效应
P1034	不赶时髦是不是可能？
P1035	现代政治中最容易出现的民粹主义。
P1036	在有效性和真理性中，人们选择有效性。信仰和启蒙。真理与有效性的对立。
P1037	哈贝马斯对于民主制度的本质的理解。
P1038	民主制度中需要有坚持真理的人
P1039	阿伦特关于公共领域的理解。奴隶（关注功利需要的人）进入了公共领域。对于公共领域产生对立负作用。
P1040	社会性的终结和现代社会理论所面临的挑战
P1041	社会的存在却伴随着社会性的终结
P1042	人和人发生社会联系的三种形式：
P1043	有机联系 命运共同体，相邻的人互相帮助，
P1044	机械联系 人口大范围移动，相邻的人与人的交流变少，出于工作上的需要而联系，因为分工联系在一起
P1045	群聚
P1046	大众现象（群聚）：
P1047	Mass,像黑洞，所有人都被不自觉地卷入。
P1048	有时一盘散沙，有时有巨大的能量。具有巨大的不确定性。
P1049	鲍德里亚关于德国律师的事例。
P1050	机械团结：以社会成员共有的宗教取向作为社会整合或群体联系的纽带。 根本特征：社会成员在情感、意愿、信仰上的高度同质性。它存在于分工不够发达的传统社会。实质：农业社会的产物。
P1051	有机团结：在现代工业社会中形成的社会团结，以社会高度分化、社会成员充分分工为基础。在有机团结中，维系社会成员的纽带是他们不可超越的相互依赖关系。这种关系表现在政治、经济、文化各个方面，尤其以物质利益为根本内容的。经济关系是最基本的方面
P1052	群聚现象具有现代社会的基础。社会性的终结（the end of the social）
P1053	社会还有，但是社会性没有了
P1054	传统的亲情关系淡化（因为经济因素）。国家承担了家庭的社会责任（大家庭分成了小家庭，甚至小家庭都难以为继）
P1055	工作中的分工和联系松弛了。人在工作重大的角色并不那么重要了。博尔坦斯基和希亚佩洛《资本主义的新精神》
P1056	人和人都很“亲”，却很冷漠。
P1057	在功利与时尚化的社会，人丧失了自我，成了孤立的原子。
P1058	这就是人们为什么把孤独作为现代社会中的重要的精神体验来把握的原因。
P1059	现代通讯工具的发展。强化了人们之间的联系，却使人们孤独地限于自己。
P1060	意义的终结与文化危机
P1061	意义的终结：
P1062	商品、甚至语言作为符号，功能意义被结构意义所取代。
P1063	人们沉迷在语言的编织中没有实际意义。比如，我们的许多学术论文。
P1064	艺术、审美的东西，是把精神灌注到感性的形象之中，是精神的表达。精神就是感性形象要表达的意义。
P1065	但是艺术用感性形象本身取代意义。只有感性形象没有意义。这就是意义的终结。
P1066	文字的符号也是如此，用感性的形象（符号）来表达意义。
P1067	意义终结的根源：过度生产。
P1068	机械复制时代的艺术。机械复制时代的论文。
P1069	为论文而论文。学术GDP的时代到来了。
P1070	学术奇葩《基于中医诊治理论的航空发动机故障诊断新技术初探》
P1071	学位论文选题困难。
P1072	文化危机：
P1073	触觉文化
P1074	电视剧太多，如何吸引眼球成为主要。触觉文化的时代到来了。追求产生视觉、语言的冲击的文化
P1075	写论文也需要这样。
P1076	论文与广告变成同样的东西。学术会议中没有广告，掩盖了这些论文全是广告的事实。电视剧不做广告，因为它本身就是广告。
P1077	为创新而创新
P1078	文化生产中最重要的是创新（真的创新）。为创新而创新。
P1079	关于创新就是重复。重复就是创新。学术时尚化，就是学术创新的特点。形式的变化。查重。鼓励抄袭
P1080	这就如同色情画和反色情画的效果是一样的。
P1081	相互学术批评的论文也是如此。
P1082	a和非a的核心都是a
P1083	批判的对象不够深刻，应该是势利的社会
P1084	电视艺术以博得关注为目标。迎合大众的口味。“不差钱”是生活中常见的现象。把这种现象吸收在作品中对于讽刺当下社会中所出现的“装B”的现象确实有意义。可是，我们需要问一问，为什么人都要装？
P1085	这个势利的社会应该成为批判的对象，而不是底层的老百姓。功利社会中，无自我。
P1086	大学教育是文化工业发展的另一个典型。
P1087	通识教育（基本文化课）是应对措施。
P1088	大规模、大批量的生产
P1089	工作专业不对口，专业课没有用
P1090	仿真的意义。如同时装的仿真意义一样。好像有意义，却只是赶时髦，时尚化
P1091	开学术会议，表面上与真学术会议一样，但是是仿真的学术会议。超越真假的学术会议。
P1092	音乐欣赏，看上去是真的，实际上是仿真的音乐。比如餐厅里的音乐。
P1093	仿真的课程。电视中的大讲堂与我们的课堂。
P1094	时尚品与使用价值的延伸，学术时尚品与使用价值的延伸。课题的重大意义。
P1095	仿真的使用价值，
P1096	阿尔都塞
P1097	症候阅读法
P1098	借用了弗洛伊德的思想（侧重吸收方法）。
P1099	在日常的话语中，说话时出现失误、玩笑、结巴等，是本能的东西受压抑之后，溜进文明的生活中。心理的深层的东西（本我）在话语的表层结构（以缺陷的形式）出现。梦也是被压抑的东西溜出来
P1100	文本中，作者写作总要按照当时社会文化氛围所允许的方式来写，总是按照社会共同接受的规范系统来写。而文化传统中深层结构的东西会不自觉地影响我们。或者说，在我们的文本中有双重的结构：
P1101	表面上的结构，是观念、思想的结构，
P1102	深层的结构是影响这种思想的文化、观念结构。
P1103	所以文本也会有空白、结巴
P1104	在学习的时候也是这样，总是有前知识背景在影响着我们。日本人学中文一开始很容易，可是美国人就难了。文字背景中的相似性。美国人和日本人背后所具有的文化结构不同。
P1105	“问题框架”：影响我们书写作品的意识结构
P1106	由于“问题框架”不同，于是人们选择研究的问题不同，对于概念的理解不同，概念之间的关系理解就不同。
P1107	马克思也说劳动（不是买卖的对象），说劳动力在市场上买卖，而劳动时生产的价值可能超过其被购买的价值，资本家因此赚取剩余价值。
P1108	古典政治经济学：劳动的买卖导致了问题。
P1109	问题的框架要和理论观点本身区分开来。
P1110	问题框架作为理论的背景对于理论发挥作用。一个人如何写作、思考问题、解决问题是由这个问题框架所决定的。这个问题框架相当于弗洛伊德的无意识结构。
P1111	说出的都是冠冕堂皇，深处的才是真正的东西。
P1112	当然，深层的东西和表层的东西也是结合在一起的。不过当深层的东西表现在表层的时候，不是直接陈述的观点，而是以隐藏的方式出现的。文字中的空缺。比如本应是劳动力，“力”被隐藏了，成为了空缺
P1113	问题框架的转换
P1114	阅读文本的时候，也要有两个结构。用表层解析的方法阅读文本，而且还要设想一个可能深层的结构，来解读这个文本。
P1115	那么如何来设想深层结构呢？
P1116	寻找表层的文本结构中的问题、空缺、失误，沿此找到深层结构。这就叫“依据症候的阅读方法”。
P1117	但症候、空缺一般来说，是不容易发现的，为什么？
P1118	这是因为，问题框架（思想结构）总是把某些东西放在你可以看见的地方，某些东西放在你看不见的地方。排斥某些东西。
P1119	同一个家庭中，自己的孩子的问题不容易被发现，不知其子之恶。因为同样的意识结构。
P1120	但是别人可以发现。
P1121	于是，你要想看到自己的孩子的问题，就要像别人那样。这就需要有新的意识结构。
P1122	同样，你要看到文本中所存在的空缺、疏漏，你就要有新的问题框架，不能和他有同样的深层结构（问题框架），这就需要你，不仅知道别人的问题框架，而且要有新的问题框架。这就是问题框架的转换。
P1123	原来他是这样思考问题的，于是他把这个东西忽视了。我们要有一个新的框架。
P1124	比如，读康德著作
P1125	第一句，知识从经验开始，却并不来源于经验。
P1126	作品中潜藏着矛盾
P1127	马克思对于古典政治经济学的研究就是这样的研究。他转换了问题框架。
P1128	“劳动（）的价值等于维持和再生产劳动（）所必须的生活资料的价值。”
P1129	这句话的毛病，古典政治经济学是看不出的。只有学了资本论才知道。只有换了问题框架才知道。劳动的价值和劳动力的价值之间的差别使马克思发现了剩余价值学术。
P1130	马克思在读古典政治经济学的时候是用这种症候阅读的方法的。我们在读马克思的《资本论》的时候，也要用这样的方法。
P1131	按照他的看法，马克思的思想中的辩证唯物主义的思想没有得到发挥。这就需要我们借助于“症候阅读法”，发现马克思思想中的这些要素，把马克思思想中隐含的这些东西发挥出来。
P1132	意识形态和科学
P1133	何谓意识形态
P1134	第一，意识形态是无意识的结构。它属于意识，但是却又是人不能自觉意识到的，固化在生活中了。吃饭之前先祷告，吃饭被看作是包含了主的恩典，虫子不能吃，那就是意识形态了。潜移默化的，作为日常生活方式的意识形态
P1135	人就是通过这种意识形态来体验体验自己和世界的关系，体验自己的行动。或者说，在社会生活中，人的行动如果受到了某种思想、哲学、宗教的影响，那么这种受到影响了的行动就是表现了意识形态的行动。
P1136	最关键的是，人对于这种意识形态对于自己的影响却没有自觉意识。
P1137	意识形态的总特征是，它对自己的问题框架缺乏自我意识。
P1138	它对于自己的行动，受到问题框架的制约毫无意识。自觉地意识到这种问题框架，那么这就不是意识形态了。如果知道吃饭与上帝无关，吃饭就不是意识形态了。
P1139	如果我们都认为，上帝不存在，那么吃饭根本就不是意识形态。祷告不过是演戏。
P1140	它被你当作了工具。这个时候，不是意识形态在欺骗你，而是你在利用意识形态。你在利用上帝。
P1141	如果我们的社会，上帝在名义上是意识形态，而实际上不过是利用的工具，那么，上帝实际上就已经失去了任何作用和意义。
P1142	第二，意识形态是没有历史的。
P1143	他先把一般意识形态和各种具体的意识形态区分开来。
P1144	所有的意识形态在本质上都是一致的。无论在马克思那里还是在弗罗伊德那里，意识形态都被看作是一种想象的作品，一种纯粹的梦想，是对人的存在状态的虚幻的反映。
P1145	意识形态是无所不在的，在历史上，它具有同样的结构和同样的功能。
P1146	我们认为，阿尔都塞的思想中包含着这两个值得思考的要素：
P1147	否认意识形态的历史性，而突出它的结构和功能。
P1148	他对于意识形态的同质性和同构性的强调，实际上是与他对于意识形态的特质的理解一致的。这就是意识形态是人对于生存状态的幻觉。
P1149	神经病的人处于幻觉中做事。信徒也使自己常常处于幻觉中。我们的文化中的某些东西也使我们处于幻觉中，对于世界生产颠倒的认识。封建迷信
P1150	“意识形态=幻觉/暗示。”
P1151	意识形态是没有正确地反映人的生存状况，没有正确地反映人和人之间的关系。
P1152	幻觉，是一种虚幻的表象，本来并不存在的某种事物，病人却感知它的存在。正常人偶尔也可出现幻觉。（因为期待的心理、突然强烈的刺激）
P1153	暗示（suggestion）人们为了某种目的，在无对抗的条件下，通过交往中的语言、手势、表情、行动或某种符号，用含蓄的、间接的方式发出一定的信息，使他人接受所示意的观点、意见，或按所示意的方式进行活动。是社会和人际影响的形式之一。暗示一般可分为直接暗示、间接暗示、自我暗示和反暗示4种。
P1154	意识形态的作用就是让人处于幻觉和暗示中。
P1155	本来受压抑，但是它却让你感到快乐。马尔库塞关于发达工业社会的意识形态的研究就表达了这个道理。
P1156	按照他的理解，意识形态以想象的形式表现了人们的生存状况。人们在这里用想象的东西来代替现实的东西，把虚幻当作现实，现实和虚幻颠倒了过来。
P1157	按照阿尔都塞的分析，人们或者是为了欺骗别人，或者是为了自我欺骗。
P1158	意识形态是统治者进行政治统治的工具。为什么大众会相信这些欺骗的东西呢？
P1159	意识形态也可以是中性的，甚至积极的，比如进行社会整合、国民教育
P1160	人在这里自己欺骗自己。人们在这里自己用想象的世界来代替现实的世界，并渴求生活在一种想象的世界中，仿佛在想象的世界中生活才是唯一的真实的生活。马克思在1845年的《关于费尔巴哈的提纲》中所说的，这是因为人们生活在一个颠倒的世界中，人们在现实中无法获得满足，而只能在想象中获得自我满足。
P1161	意识形态是物质的存在。
P1162	向来认为，意识形态是一种思想，一种观念，是人对于自己的生存状态的虚幻反映。
P1163	但阿尔都塞认为，意识形态是物质的，是一种实践。或，意识形态是离不开实践的。
P1164	意识形态不仅是一种思想，更重要的是，它是人的日常生活的行动。成为一种生活方式
P1165	人按照意识形态的实践所要求的方式来行动。比如，如果他是一个信徒，那么他就顺从于宗教的意识形态机器，如果他相信正义，他就遵守法律，他就去游行等。他完全顺从于这种意识形态的实践，而没有任何主见、没有任何自己的想法。
P1166	在日常生活中，你去买菜，你去交谈，都是举行着意识形态的仪式。我们的文化已经为你设计了各种行为方式，就像你去教堂那样。（生活到处都是意识形态了。表演）
P1167	当人的行动完全按照意识形态机器的要求来进行的时候，人的行动中就不可能包括任何个人的思想了。意识形态消灭了人的思想
P1168	我们在生产活动中，按照理性化了的管理方式来劳动，在市场上，我们按照货币交换的原则来办事。这些活动，从表面上来看，这是我们自己的选择，是我们自己的生活。但是，我们的这种生活方式就是意识形态物化的结果。生产中的理性化的管理方式使我们学会服从，学会机械操作，而放弃思想。
P1169	意识形态把个人呼唤为主体。
P1170	最可怕的是自欺。而其中最大的骗局却是“个人是主体”。
P1171	似乎在生活中每个人自己主宰了自己，不能主宰自己的命运，至少可以主宰自己的思想，主宰自己的想象。在这种想象中，在这种思想中，每个人都是主体。
P1172	但是，阿尔都塞告诉我们，这是意识形态。 （背后深层次的结构主宰了人）既然你们每个人都是主体，都是进行自我思考的。因此你们的想象，你的设想都是你自己的，而没有任何强制，没有任何外在的因素。这似乎是显而易见的，不可怀疑的。这种不可怀疑性，正是意识形态所要达到的目标。
P1173	意识形态的目标就是把意识形态强加给你的观念看作是你自己的观念。
P1174	我们生活中这些背景，或者说，“前见”在我们的生活中始终发挥作作用。
P1175	从启蒙运动以来，资产阶级意识形态的最大的谎言就是，人是主体。人可以自己主宰自己的命运、自己的思想。阿尔都塞就是要揭穿这种谎言，揭露这种资产阶级意识形态的特征。人并没有成为主体。把人说成是主体，是一种谎言，是一种意识形态。他从另外一个角度向我们说明，我们所说的那些主体性都是非主体性，是主体的丧失。
P1176	阿尔都塞的思想是革命性的。
P1177	他不是要我们提高自己的主体性，而是要我们关注自己，考察自己所受到的意识形态的影响。
P1178	而且注意，人在这个社会中从一开始就不是主体，而是一个被动的客体。他不可选择地被纳入到这个社会中，成为这个社会的一员。他要成为什么样的人也不是他自己能够选择的，而是受到家长的期望的影响的。个人在这个社会中受到这个社会中的集体无意识的控制
P1179	“这个家庭意识形态的模子在其独一无二方面总是有着高度完善的结构；在这个不可改变的、多少有点‘病态的’结构中（想想我们能给‘病态的’这个说法赋予的任何意义），原先那个未来的主体必定会‘找到’‘它的’位置，即‘成为’它预先就是的一个有性别的主体（男孩或者女孩）。” 凡是接受意识形态控制的人就是正常的，相反如果他要自己思考，那么他就找不到自己的“位置”了，他就不正常了，是“病态的”了。
P1180	意识形态国家机器
P1181	国家机器包括镇压性的国家机器和非镇压性的国家机器。
P1182	镇压性的国家机器包括政府、行政机关、军队、警察、法庭和监狱等。（国家垄断）
P1183	非镇压性的国家机器，就是意识形态的国家机器。这种意识形态的国家机器同样是用来维护国家政权的。 哈贝马斯的公共领域，事业单位；葛兰西的文化领导权
P1184	意识形态的国家机器包括宗教、教育、政治制度、工会、大众传媒、文化艺术体育活动等。这些要素确实在维护政权或政治斗争中发挥作用。但是这些东西都不是国家所垄断地控制着的，甚至从国家的政治统治的领域中摆脱出来。
P1185	马克思思想中的认识论的断裂
P1186	1840-1845年，青年马克思，意识形态阶段。（因为尚未采用结构分析的方法）
P1187	1845断裂时期。（《德意志意识形态》）
P1188	1845-1857思想发展思想。科学时期。1857年——1883年，成熟时期。
P1189	阿尔都塞：马克思是理论上的反人道主义
P1190	阿尔都塞反对存在主义的马克思主义，反人道主义。认为马早期是人道主义的，不科学，后期相反
P1191	在结构主义的框架里，个人被结构所决定，不是自由的人道的
P1192	对马克思主义辩证法思想的理解
P1193	总体性：表现的因果观和结构因果观。
P1194	黑格尔的思想是一种表现的因果观：现象或者事实都是某种本质性的东西的表现。这是一种本质的怀疑主义。
P1195	线性的因果观：认为一个事态是由另一个事态引起的。原因简单地作用于结果。
P1196	阿尔都塞提出了结构因果观。
P1197	社会是要素和结构之间，结构和结构之间相互作用，产生某些效果。
P1198	原因和结果就出现这种“要素——效果”的机构中，而不是外在于这种关系之外的某种原因和结果之间的关系。马克思所考察的重点是社会的结构内部要素之间的关系。
P1199	多元决定承认事物的复杂性，不可还原性。批判还原论（历史是由某个第一要素决定的）强调结构、关系，不能将社会历史简单归结为公式。
P1200	矛盾是诸多“条件”的复杂整体。不是某种偶然因素。社会是矛盾的结合体
P1201	矛盾的转移（矛盾地位的变化）和压缩（对面的统一）是事物发展阶段的根据。
P1202	在复杂的主导结构中，矛盾的压缩和转移构成了事物发展的动力。
P1203	在这里，我们必须注意，他是在结构的意义上理解矛盾。
P1204	对历史的理解
P1205	“历史的”这个词不表示现实的历史过程（比如秦朝已经不存在了），而是表示观念地建构起来的认识对象。
P1206	在认识活动中，通过概念的总体来把握现实对象。
P1207	对于历史的认识也是如此，通过概念建构起来的历史概念来把握历史的。
P1208	区分历史认识的认识对象和现实对象，这是科学历史观和意识形态的历史观的根本区别。
P1209	马克思的历史概念是一个包含了自身复杂化的抽象概念。按照他的分析，马克思的政治经济学和历史观所研究的对象是一致的。它们都研究思维中构建的认识对象，都通过思维中的具体把握现实。 因为抽象的概念中依然有具体
P1210	这个历史不是有时间顺序的历史，而是一个由范畴构成的结构整体。在他看来，研究历史不是研究历史发展的顺序，而是要研究历史整体中的不同结构，研究同时代中的不同结构。对历史的思考：
P1211	整体的特殊结构➡结构的各个环节和构成关系的共同存在的形式➡历史的结构本身。
P1212	研究当下的矛盾
P1213	阿尔都塞所说的历史，是思维中自我复杂化的概念结构。
P1214	同时代中的“不同时代”
P1215	虽然，在现实的历史中，政治、经济、文化同时在现实中存在。它们在现实中具有同时代性，但是从概念上来说，它们不属于同一个时代。它们是有差别的。或者说，从概念上说，它们各自的发展具有不同的节奏，不同的周期、不同的发展特点。历史概念包含了这些复杂的内容，包含了这些复杂的层次。这就是他所强调的同时代中的“不同时代”。
P1216	直接描述现实的历史是无法把握历史的复杂性和多层次性，而只有建立了这样一种具体的历史概念，我们才能把握历史的多层次性，复杂性和多样性。如果说历史是复杂的、多层次的，那么我们就很容易从历史的概念中理解历史的发展的不平衡、继续存在、不发达的状态等
P1217	不能确立一个标准的时代来衡量现实现象
P1218	在阿尔都塞看来，这种不平衡、继续存在、不发达等等不能看作是一种标准的历史的状态的推迟、提前、继续存在等。我们不应该确立一个标准的时代，比如说，资本主义时代，然后再说，农业生产方式落后于资本主义时代，信息的生产方式超越了资本主义时代。我们不能用一种标准的时代概念来衡量现实中的不同状态。
P1219	曲折、暂时的倒退、连续性的中断，我们说，这是连续的历史中的非连续性，是同一个时代中的历史的不平衡状态等。我们的这种理解实际上都是确立了一个标准的时代，并用这个标准的时代来衡量现实历史中的不同现象。这实际上还是把历史看作是一个同时代的历史、同质的历史。 无法理解真正的、具体的历史
P1220	长期以来，我们一再批评对于历史的直线式的理解。但是，当我们在分析历史现象的时候，我们讨论了历史中的倒退、落后等，难道不是按照这种同时代的历史概念来理解历史的吗？我们难道没有在历史过程中确立一个标准的时代概念吗？比如，我们常常说，这是资本主义时代，这是社会主义时代。
P1221	阿尔都塞不是从历史过程的角度，而是从结构的角度来考察历史和时代。他认为，历史时代的概念不能用一个标准的时代来表示。历史时代是一个多元的、多层次的结构概念。 要借助概念来理解，但又要超越概念，一种感性的领会，人在其中发挥作用，不是单纯的公式能够概括的
P1222	作为异质整体的时代
P1223	历史时代不表示历史过程中的可以用来衡量不同的历史事件的标准，不是显示社会发展阶段和特征的标志。历史时代只表示一定社会整体存在的特殊形式。在这个社会整体存在的特殊形式中存在着各种不同的乃至相互冲突的层次。这个时代作为整体的存在是一个矛盾的和冲突的存在，是一个异质的整体。 是有差异的，要具体地理解
P1224	时代概念的异质性
P1225	他所说的异质的同时性就是指，我们认识到社会中的不同的结构、层次结合在一起。这种结合不是我们通常所说的那种相互依存意义上的结合。这种结合可能是充满了矛盾的结合。我们在思维中构建了一个不同时代的同时性。历史性的概念也不是一个现实的历史概念，而是认识的概念。
